2,1,8,2,1.96,5,4,3,0,2,9,8,0,8,4,30,3,31.02,0,2,16,15,5,1,9,17,8,1,5,42,7,15,29,0,0,0,3,18,2,53,30,45,21,4,22,0,8,44.31,110.4,5,15,37,9,42,41,2,38,10,55,64,39,96,102,162,42,63.25,15,4,202,62,3,81,6,17,18,10,86,2,17,135,207,20,104,140,18,0,181,16,5,16,172,37,326,88,111,184,30,82,124.21,321.01,13,57,52,50,146,191.12,303,6,1,152,0,18,138,114,295,15,179,2,322,124,449,176,58,5,1,62.78,90,900.07,21,11.9,753.7,45,158,818,435.79,5,260,342,226,161.87,311,118,4,49,657,11,59,324,684.02,18,48,746,564,128,344,25.38,1137.9,55.71,786,434,1101,41,283,26,312,1300,1106,57.08,812,725,83,566,1038,1011,497,1496,435.87,408,196.22,1794,56,450,43,207.27,739,131.19,7.1,9,1141,1143.98,128,0,926,598,665,15,848,222,91,888,47,1445,1010,2019,1342.98,2944,15,1244.58,2013,1648,334,2769,2614,1674,1943,1149,1928,2775.02,3983.62,292,1459,412,3222.18,516,675,138,2170,3,2450,3169,344,413,96.75,104,2889,2778,315,3518,2012.23,1018.82,900.72,3517,3630.48,287,599,2313.55,141,3812.33,582,929.34,852,2524,2838.49,3857,1,1732,616,1,2290,1108,679.57,3630,9,3681,226,3473.2,1636,2096,314,1808,1619,4423.76,3396,4120,2237,2104,2901,4837,2177,654,109,4695,162.54,1997,345,328,361,1705.11,119,2507,398,6129,1318,1029,66,300,354,2174,5152.14,4610.9,7565.3,2489,612,319,2509,3443,333,453.55,6145,5328,2560.89,2637,3062.56,137,3805.95,2094,2316.97,450,569.22,528,1343.1,3259,477.14,5014.6,6768,6721.79,8143.73,4207,4341.91,621.29,2714,4174.96,56.99,1335.74,7122,0,455,1260,43,5463,6684,5284.08,837,5208.07,82,4630,2856,6684,7027.99,950,969,3142,593,6247,4687.74,723,972,40.03,2704,1236,4304,7335,6174,7809,8590.2,6955.55,6800,5633.21,5122.62,11085,58.97,3538,2188,6119,912,6984,93,2061,3805.64,2269,13633.5,8477,6442,2030,9703.64,8432,552.99,1352,7219.64,10384.9,79,11259,12149,632,6151.44,2077.93,6020,1804,9006.77,168,1377.25,8408,1665,8808.75,646.19,1,1409,5285,10642,7506.97,10039,7985.64,1537.33,6719.16,2392.24,543,148,2781,5770,2347,6,1750,5675.87,6156,262,5153,11590,537.58,3113.99,343,12792.8,8803.93,678.73,1836,705,485,8154,15440,8875,12275.9,5078,5709.96,9892,2212,164,12535.8,2207,10883,6462,10934,8724,7295,14370,10251,14815.2,14651,11244.2,12689,7771,9093,4139,11200.3,10735.5,8544.86,5056,8,4723,16,3435,501,11061.7,9326.88,6,1706,5191,14303,8752,7349,15404,7940,12401,5427,8141,872,13020.1,6335,12060,14990.5,14156.9,4162,13124.9,32,9444,8859.52,15852,6791.09,11257.1,12252.8,14853,8292
0,7,4,5,6.2,10,6,1,9.71,13,19,8,8,2,6,20,17.25,12,8,5,15.29,3,31,2,33,33,3,0,2,5,3,5,26,37,3,50,32,60.38,6,18,10,24,45,1,8,0,3.01,85.14,53,3,83,67,13,59,40,4,76,36,32,16,54,31,171,53,104,4.28,36,19,182,63,178,177,179,5,203,8.02,35,127,8,65,177,216,35,240.43,8,0,39,31,197,28,241,6,210,302,356,176,50,101,138.23,229.01,368,196,37,30,193,193.58,285,455,1,324,0,516,101,268,472,193.67,45,529,421,256,84,544,570,60,1.12,688.73,66,568.34,642,623.5,158.29,92,41,160,285.37,4,358,106,130,187.19,958,185,3,213,696,202,57,287,218.28,12,26,141,717,774,679,60,791,35.91,915,185,16,36,299,1152,411,819,210,198.88,1155,504,37,415,1171,1296,166,1126,469,89,168.64,1888.99,1125,1106,27,1049.86,782,67.52,1649.96,3,227,815.87,395,1857,47,354.92,628,1926,427,586,43,2253,393,819,1125,1160,356.52,2076,16,2399,775,736,345,2266,1778,1691,946,636,2313,2682.53,2281.65,253,902,528,2295.69,743,84,136,2671,2589,3037,1878.92,272,1489,27.72,266,2635,201,204,2989,2329.6,1496.52,415,2512,3448.78,143,320,3566.67,181,2807.15,127,788.49,2527,4130,3339,2008,31.76,1913,253,3111,1623,841,2180.89,3753,3235,2961,150,2999,1043,2667,445.01,1396,873,3882.85,2531.29,3599,2294,1621,791,5796,1338,515,679,2722.07,80.51,4073,2572,316,151,2943.57,139,3868,302,4827,1046,598,58,170,263,3204.99,5987.69,3695.21,3633,3347,445.18,120,2425,2033,603,184.16,5001,3271,935.6,3689,4410.08,243,5938.18,1488,2895.46,321,4084.24,640,1122.8,1916,5427.7,1042.09,2572,7804.34,6458.41,2212,1611.82,39.09,4879,1776.35,5409.6,2334.68,1839,5647.89,2205.14,2663,138,1798,7294,6013.77,780,3280.04,1307,957,2271,10754,4230.96,814,6521,6169,605,4255,8872.74,540,2152,31.98,1734,1537,5408,6795,3155,3229.26,3877.98,3884,5793,7975.17,6546.27,11179,71.02,4118,8076.01,1311,1100,6896,6760,967,8669.98,1863,13246.7,6460.97,4214,3381,9683.55,7541,6976.9,4634.32,8166,6398.21,35,12970,7802,354,4850.93,7930.96,8424,3429,5558.84,7834,2606.84,232,2861,9914.76,1487.69,8079.71,6089,7672,10556,10816.9,8671,6815.04,3546.15,10749.5,7163.07,374,20,1129,4780.09,6037,63.86,2990,8780.82,9631.98,384,6052.66,17118,1398.07,3406.36,625,12218.6,13735,2313.95,2015,20,399,7330,12175,11822,11817.5,2092,13386.3,6109,10144,146,15397.5,3555,1353,10535,12426,4306,5600,11974.1,12394.9,14365.3,16734.1,4357.17,14255,7579.17,3895,4847,10199.6,7064.21,10370.2,2492,72,6741,10213,10128,173,9237.97,8432.44,10414.2,6021,6735,6291,14986,6811,11412.4,5153,12209,11361,6374,342,8815,10921,15020,18308.6,16918.6,6447.96,16616,11285,5975,15063.9,11295.9,3070.18,9577.04,14591.8,12481,16881
0,0,0,0,0,1,0,1,1.14,0,0,12,1,2,20,30,9,3,0,1,4.86,22,9,1,0,0,1,0,17,0,11,2,0,0,0,0,0,11.01,0,36,0,0,12,0,63.78,0,52.85,3,62,54,0,22,2,42,20,0,17,1,86.01,22,11,25,80,40,42,0,5,20,92,84,0,0,1,104,21,179.21,27,4,2,198,5,17,31,31,241,1,249,15,0,136,60,1,14,8,110,248,1,133,167.91,100,2,334,44,281,163,36.11,108,31,3,13,0,28,26,1,1,28,26,1,75,82,14,168,14,89,0,62.96,404,177.46,5,5,62.98,27,115,66,43.1,4,116,8,38,53.03,100,141,3,8,602,12,57,928,18.86,12,7,7,210,582,89,13,990,59.25,81,54,4,52,72,8,86,925,38,24.29,237,17,91,91,1163,486,22,367,84,33,65,568,128,523,19,0,589,51.69,1,0,43,134,54,0,13,149,128,3,150,70,51,481,35,880,906,298,69.19,987,2,420,1218,173,118,916,499,557,390,326,875,1241.39,1247.07,54,185,2741,1192,226,1575,163,458,1,646,753,79,161,0,261,1015,1372,54,1163,556.63,298.47,563,971,946.96,69,114,735.15,58,1350.32,321,596.38,800,805,1538,594,0.65,1517,169,0,766,422,403.06,752,9,657,63,1061,383,602,95,1451,407,1899.79,1800,1418,3404,328,139,2719,1656,115,224,1194,92.7,1017,3190,113,168,204.65,154,5432,6,3322,589,563,24,82,162,607,3808.03,937.6,3283.98,191,159,101,631,3167,4203,295.39,1220,1658,238.43,1670,288.24,99,1631.75,673,3134.65,89,202.01,202,218.41,1088,628.2,4407.45,1936,4076.77,2505.53,729,114.46,185.75,169,1419.88,7,3624.69,1007,0,63.5,594,8,756,2344,839.35,271,842,151,155,1660,5409,1146,243,227,128,573,1417,2057.41,652,1213,13.89,3048,258,1692,7163,1546,2508,2754.73,2906,1482,1823.7,2088.91,4974,44.11,341,667,2868,3868,982,2886,463,2562.75,4266,7840.65,1142,1884,7335,3322.19,2775.99,3461.98,2812.72,871.65,2293.52,12,6375,4086,92,1420,172,7196,7447,12008.5,0,409.55,335,5329,6294.83,490.97,2,285,2406,5327,5962.98,3508,3483.76,10222.9,2308.13,1005.45,2772,9,6556,1646,3660,10.65,6518,3012.82,5577.52,167,2529.34,10108,6856.49,1714.84,5143.94,7091,3756.29,479.64,669,0,229.92,1274,4861,5723,3206.84,4671,2588.59,2205,214,112,4487.38,2395,3682,2004,9457,842,1537,5517,5569,4978.02,6095.05,2425.75,5538,5918,1117,1982,4744.1,1960.66,6330.52,9604,7,11622,866,2786,245,5470,12486.1,0,1616,2553,1732,6185,1722,2966,1505,2933,2636,6205,113,1685.99,2573,5010,6895.16,7717.07,1091.99,6871,14,12190.3,3108.15,5289,131.54,5987.11,6473.77,4314,4660
0,0,2,0,0,0,8,1,1.68,1,14,1,4,21,7,26,4,4,1,1,4.32,8,4,23,7,0,2,0,0,3,24,1,4,0,19,0,4,34,12,47,2,5,24,2,0,0,1,11,53.06,3,21,18,100,7,102,20,51,42,75.08,39,31,125,87,85,4,0,5,5,81,19,21,14,12,8,14,0,31,3,13,45,55,10,23,208,7,2,51,2,5,2,48,2,46,61,74,97,67,97,42.97,342,5,319,7,5,66,73.04,72,14,1,295,0,152,40,22,39,12.26,149,12,54,54,452,120,14,3,8,234.67,11,531.21,22,0,291.09,30,54,122,99.17,2.68,151,60,71,96.45,504,48,11,130,139,2,29,619,142.05,21,13,594,213,133,222,10,612.76,5.42,364,68,117,17,62,3,42,562,691,73.12,841,524,106,121,1108,674,48,330,141,282.97,67.57,1756,127,224,20,145.04,1572,66.4,2,7,75,1914,70,7,492,248.69,369,3,571,99,21,785,41,582,1063,477,529.8,2380,16,636,1884,560,178,1983,1163,1343,1217,725,1374,2037.86,2999.25,93,508,1539,3062.09,877,32,210,1870,37,2510,1298,183,294,1,674,1463,395,136,3151,430.96,1009.18,535.96,1419,2573.39,88,129,1809.94,100,3151.57,244,780.26,542,1710,3744,2086,23.2,1597,226,1,1086,514,2498.44,3075,0,2063,142,2890,2039,4091,162,1862,971,4366.6,4586,3170,3130,1396,3450,4993,1444.98,89,182,4114,159.33,2026,284,140,156,752.03,179,1531,152,6067,1049,569,26,193,317,1717,5961.9,2569,4765.47,1784,215.19,265,4081,3104,150,248.05,3380,5382,1017.41,2266,1765.78,84,5883.68,2709,1771.05,451,210.68,160,449.88,4068,290.65,3725.69,3958,6475.32,5825.1,2897,215.55,323.58,759,747.77,18.13,1654.12,4301,8,235,1483,219,6251,4802,2242.33,408,1909.02,76,1805,1979,8568,5195,568.56,509,716,505,2997,4968.99,1169,2285,14.3,1316,743,1615,5925,6816,3361,6720.56,5594,3944,4808.96,9803.92,5970,124.7,1430,3299,5717,587,2522,10,2091,2924.77,1961,11179.9,4008,3702,994,6380.22,7151,872.99,2077.92,6617.26,6956.44,16,7947,10567,196,1986.81,1624.1,10426,2163,8321.29,29,1181,1875,1741,10455.7,421.61,7.46,1418,4874,10223,6508.95,10141,4698.38,2942.03,7924.65,2269.66,609,43,1850,11458,1122,257.16,1473,5898,10429,231,6685,12407,410.08,3287.93,208,13347.4,13411.6,5462.93,1626,124,353,2956,12123,7833,13497.5,3620,6445.93,5605,580,241,10918.6,1996,5311,4789,8607,7876,3799,15007,10606,11487.5,12246.4,7827.26,10535,10163,5177,3388,16654.4,7712.34,4328.81,3222,48,2547,30,4507,266,13461.4,9614.96,3,725,4766,5682,8331,4969,10062,5463,9822,5798,10571,705,6104,9814,17532,18730.2,19854.2,4010,14304,15,11946,8339.69,10716,433.45,13428.1,9098.4,17073,12227
0,0,3,0,0,1,6,1,3.38,2,8,0,18,1,4,26,0,2,1,2,31.62,2,8,34,7,1,1,1,0,0,10,1,4,0,52,2,2,48.01,12,43,7,5,17,1,1,4,0,11.36,36,6,3,7,32,11,15,22,105,16,43.74,6,86,20,95,87,0,0,40,11,216,7,20,0,11,26,19,6,39,4,15,46,5,9,21,131.8,83,0,75,11,2,11,258,5,142,72,100,86,345,136,51.96,155,7,359,37,7,293,114.73,231,11,128.98,488,0,121,91,125,115,13.14,367,21,320,197,209,559,4,3,296.58,146.43,16,433.85,14,7,264.97,167,44,145,101.15,145.22,608,25,144,46.26,442,209,7,340,311,17,55,1081,56.25,23,11,669,532,452,659,10,880.79,26.04,734,74,32,63,169,20,160,1406,190,37.7,746,537,138,187,853,1140,63,580,189,369,245,1591,1423,1232,25,41.13,1947,57.9,6,199.58,41,1885,123,6,23,320,759,12,445,147,72,828,278,527,1814,890,201.65,2791,444.82,953.63,2312,1797,288,3167,2828,1389,444,895,1999,3155.69,2897.04,128,360,1543,3087.72,1516,170,274,1386,23,2593,1433,189,2348,0,736,2349,537,170,2999,2110,547.9,375.66,2361,3496.37,207,201,2570.08,148,3765.07,285,564.74,2046,2581,3993,1847,127.42,4108,306,6,3556,883,1181.96,1583,2,3068,99,2434,2309,1362,482,2127,696,5173.24,4972,4169,3671,2290,1690,5508,2888,175,170,3487,2639.02,2013,3509,835,291,3560.38,325,5340,4284,6289,2034,1255,28,206,450,2436,8151.54,2653.04,6441.92,2309,300,310,4739,943,2728,328.78,3620,2809,838.29,4557,1453.69,169,3802.74,3912,3639.05,634,4040.63,425,1151.1,2756,385.99,4430.11,4810,8343.37,8118.57,2468,255.9,52.96,3328,1155.79,52.11,5100.87,2415,12.61,255,2176,2411,4200,5275,2249.09,701,3580.03,1181,994,3944,9920,4974,673.96,814,128,856,5865,7508.89,1539,3644,1166.46,5161,1165,2625,8269,5718,2700,4896.32,6169.92,4612,4656.42,4500.96,9940,2392.96,7701,2260,3642,7156,4688,135,1211,3495.28,7907,10559.8,2663,7588,5237,9777.64,8868,1695.56,5046,4663.45,4955.67,91,9088,8415,247,3744.13,1463.76,12509,7176,12537.8,21,1466.12,47,5358,12001,725.27,3,1111,5565,9092,7523.98,10261,5334.24,3564.96,8563.47,2577.47,195,35,2514,5338,6169,593.15,5874,5169.86,11389,339,8693.13,16310,1403.54,4101.97,2905.98,15023.5,11656.8,1335.93,1731,301,514,2063,10735,10513,10218.4,6561,6743.96,6754,1018,186,12925.8,4591,2402,5248,16624,6826,4868,15023,13913,15147,17079.6,5984.6,11322,10228,5662,6246,11294.2,6710.61,12302.7,4534,1907,6068,1778,4854,377,14786.7,18388.6,3.35,6799,3897,4874,13511,6073,12145,6275,10078,6053,14827,311,5283.92,8191,14075,17250.6,18424,4003.18,14811,24,17103,5602.98,15830,376.1,15568,13308.5,15819,9540
0,3,3,1,0,3,5,0,1.35,0,6,0,6,0,3,13,4,0,10,4,18.65,2,17,5,4,4,0,0,0,0,22,2,3,0,4,0,0,19.68,54,66,5,19,50,0,2,0,0,2.07,79,0,30,5,3,0,4,107,29,106,92,115,89,1,68,8,0,9.7,5,3,184,0,62,33,0,1,15,0,55,3,7,25,95,5,234,231.52,74,0,195,3,3,2,20,2,56,2.15,48,151,46,178,0,182.01,63,232,18,4,66,26.95,78,6,2,187,0,14,14,24,2,8.03,48,18,0,14,51,182,2,2,10,151.81,10,612.27,12,2.91,413.53,34,201,353,47.07,4.61,30,12,51,32.47,237,22,0,20,223,7,12,353,496.86,7,11,10,344,301,67,7,899,11.83,151,24,13,14,71,5,22,1148,17,26.05,449,139,70,54,124,1471,12,1025,74,26,38,1197,235,135,4,146.51,630,41.69,4,19,32,574.96,33,2,1348,205,2083,22,178,78,20,204.91,81,309,559,416,110,2641,6,1572.19,866,523,120,2600,1489,749,373,121,1614,3408.21,2509.01,39,272,707,2483.98,2219,10,222,995,5,1797,647,208,278,5.3,2560,1848,147,42,2521,549.51,189.58,271,1234,2385.86,83,107,1582,49,2012.7,266,568.4,588,1162,2552,1301,1.32,631,280,3,583,414,251.63,2834,0,2010,75,2051.64,520,1004,69,1325,577,5422.94,3544,3831,1472,1514,913,3594,1199,40,270,4076,81.16,1354,621,128,126,77.23,161,2386,13,7268,737,539,18,103,131,920,5361.82,1758.52,2976,4443,160,110,1322,128,3689,151.37,4510,1622,784.53,2378,1473.65,57,3126.51,1765,1764.32,273,100.54,90,149.44,1149,615.95,3291.14,3708,5273.31,6320.92,4381,218.45,65.17,138,594.63,42.54,924.41,3013,4,80,2339,139,1988,3768,2266.02,247,777.01,26,5174,1878,7975,5138,407.01,569,83,481,1919,4353.52,535,4113,45.88,1886,401,1826,3871,1846,726,8848.32,7902.52,2649,3328.81,5581.94,7243,119.12,1322,1584,872,260,1531,2,935,1187.68,1838,8007.4,2514,2674,1825,8667.76,10236,1550,321,6520,8686.61,63,6415,10273,79,7939.73,2118.38,7636,889,9296.15,8,1207.06,10,2110,7566.95,109.23,5,1146,2680,5865,3802.99,8188,4669.75,1270.66,6368.81,2139.09,2798,26,1105,4835,795,20.48,10447,4604,5394.61,130,4286,10021,7802,1548,2102,6761.99,10799.3,6123.77,695,4425,252,1988,11899,14649,12348,2879,4789.03,6901,171,267,14327.9,2782,1222,4268,10610,1412,4022,14294,6767,15360,13268.8,1950.96,11778,4506,1878,2666,12999.8,12002.7,4540.95,3589,50,6073,21,3804,312,11436.2,14952.5,5.93,744,4666,7920,7653,6380,9491,4843,6791,4258,8605,824,12382.3,5983,13290,18925,16902.8,2151,11143,9,12778.3,5492.99,12940,613.55,12054,9165.93,16641,7210
0,1,2,0,2.37,1,5,1,0,3,12,3,1,4,3,12,2,3,32,4,12.97,1,6,3,3,3,0,0,0,0,6,3,5,37,6,2,1,25,32,53,1,39,59,0,2,0,33.44,3.22,59,7,72,35,3,0,2,33,78,62,30.51,93,52,35,101,3,4,1,4,5,137,2,72,50,0,186,6,41.56,38.58,2,9,26,75,13,122,169.93,109,0,140,3,2,5,86,4,52,8,67,371,31,74,1,167,78,322,36,8,162,36.9,70,10,1,140,0,130,41,19,13,4,228,19,43,44,32,154,3,8,6,109.27,14,454.06,10,0,186.39,187,120,222,51.08,4,45,11,84,80.91,117,73,6,40,1053,36,21,415,451.03,33,30,9,279,552,540,5,693,4.2,81,42,14,14,157,4,61,673,34,23.06,340,134,253,94,502,1279,25,395,213.98,55,77,1037,236,354,17,104.96,866,87.53,7,3,35,617,45,1,1552,221,965,54,355,92,45,406,86,490,788,573,73.82,2261,3,620.56,674,527,239,1915,1284,935,2091,269,1626,2643.65,2288.6,40,282,1619,2926.65,680,109,766,980,26,1127,1132,179,357,0,926,829,491,97,1694,790.6,353.04,367.84,909,1663.12,89,141,1322.95,129,3387.23,238,454.41,556,1429,1725,1159,1.07,897,526,5,227,435,273.33,1755,0,1527,154,1173,1213,1356,125,1225,793,5276.45,2930,3165,1997,1336,720,3398,2752,43,439,2623,67.45,1696,1999,386,328,165.56,282,3094,25,6090,1048,966,18,195,310,1122,5464.08,1294.11,4726,2696,259,359,1426,312.33,2910,447.32,3112,1683,741.67,2983,1411.97,148,2626.72,1644,3015.43,302,230.87,280,441.76,1086,820.03,3129.66,3044,4078.53,6710.54,4273,118.5,234.8,198,686.61,14.79,1500.69,2485,1,191,3722,71,1702,4485,2249.89,469,1270.01,113,3579,2030,5108,3666,580.9,508,194,407,2811,5087.74,1149,5038,26.24,2858,638,2329,5108,2085,1324,4532.71,7987,3070,4170.58,4541.98,7339,46.76,1403,1606,1214,1855,2123,14,841,3435.81,5221,8632.57,2535,3143,5546,7131.68,6986,3189,901,3675.28,5403.95,96,9471,8341,141,4866.12,1725.22,5959,2726,10388.5,16,2224.67,162,6130,6263.97,497.25,3,658,3172,8294,3937,6087,3118.68,3556.38,4555.17,1724.31,9034,4,5382,2410,1903,242.86,6338,3221,4633,251,2915,8463,5096.71,1937.81,1885,7676,8240.29,8964.35,1234,8734,605,1815,12547,12782,9978.54,3473,3044.25,9157,298,77,11474.3,2707,2850,3617,7697.26,1323,3382,10670,7019,13454.3,11898.7,1724.97,9318,4406,2314,3251,9609.97,7502.09,12562.8,4416,33,7908,110,4948,1085,8884.97,15348.7,1.19,894,3198,5993,6811,5287,8172,4070,5080,3272,6622,1429,7452,4845,9488,16763.7,13809.8,2070,8554,12,8274,4399.99,10894,520.5,8505,9097.28,12730,6847
0,0,1,7,7.14,0,6,2,5.5,4,5,18,8,12,18,24,24,3,2,2,35.5,35,17,14,31,2,41,1,42,24,28,44,0,5,1,7,13,35.03,4,73,52,8,5,62,44.34,77.17,68.71,10.7,101,86,1,50,5,88,59,2,2,7,111.69,15,155,48,163,27,140,154.56,142,174,194,168,1,3,3,15,66,125.29,234,180,219,203,79,129,17,224.65,162,0,34,275.1,20,125,42,301,179,93,270,17,39,396,329.86,419,2,11,412,319,432,471.89,487,51.9,402.98,165,0,164,504,480,181,26.51,549,12,50,582,223,115,200,84,552.3,159.69,558,640.89,93,214.55,127.52,657,708,223,716.97,715.32,207,778,856,857.96,258,891,16,74,575,887,954,305,921.3,949,988,20,1193,1100,56,1063.84,1632.28,1081.08,109,1109,13,1153,1277,317.9,1221,581,31,1215.78,1310,135,1339,1346,310,595,1336,245,1504.16,1514.87,1492.79,1220,16,1591,1572.77,274.34,1094,1740.45,458.57,1800.1,1658,1199.97,1932,3,103,2157,349,423,2241,2063,1982,1627,136,2459,2607,1962,1991.59,3357,2049.87,793,533,2074,2350,1885,1311,3108,93,1662,1897,3115.94,2876.26,2528,2662,185,4253.34,276,862,2742,2894,113,1237,1980,2822,1216,2668.27,2159,3416,1065,2903,4207,2908.2,3134.13,3206.54,2234,1989.45,2994,3052,1205.26,2993,3438.65,3145,3521.49,3155,2721,4540,3024,170.26,2660,3395,19,920,3746,908.74,3692,20,1100,3382,4466,4012,3103,3582,2985,4147,5714.95,3344,5864,5393,4643,178,6417,4825,3893,638,2179,3296,4955,783,4206,4207,2779.89,4205,3716,550,6769,5068,4839,4231,4538,4642,2096.99,8249.87,5233.24,5076.27,635,4874,4815,1984,4530,3405,4995.78,4595,4643,5345.44,6650,4971.13,4978,5823.02,5759,4337.26,5357,367.52,5349,5655.2,6078,2566.89,3845.14,6078,8459.25,5183.2,2272,2324.85,5563.92,699,4313.92,39.59,4302.86,2157,336,5792.93,7013,5586,3871,8621,4851.98,6277,5906,3539,260,6543,8542,8112,6751.16,1898,2571,6821,570,4670.33,7146,7411,6408.96,8039,7244,7240,11165,3307,2532,4140.52,8665.38,8542,8914.61,6666.6,9017,3816.62,4471,5160,358,2672,5032,156,7981,6870.05,5632,11891.8,5430,8484,1701,11497.1,10353,410.93,5738,5168.87,6324.6,1086,7805,8412,7936,879.19,6666.2,10489,713,9623.44,2623,9297.61,948,3679,13704.9,8697.47,4,5912,11111,14463,9281.96,12278,12109.5,2243.47,11113.9,9334.63,511,570,3382,7363,8813,8878.57,3268,5883,12159,9168,11259,14659,5389.7,6416.86,304,10318.6,11318.3,4495.94,10431,19,9621,5014,8948.95,5815,9970.36,11992,7593.54,11472,2123,9645,11820,11800,2680,11739,14552,2021,12548,14106,14219,12133.5,13638.7,3600.6,16078,14214.5,10531,11455,9822.08,5287.15,6835.97,12397,9983,11806,63,12160,10847,14816.9,12183.2,34,10079,12379,5679,14948,14891,8991,9753.1,5804,13234,10564,11407,8037,12075,14240,15420.3,19282.4,13623,18559,77,5558.6,11035,9902,7961.15,16828.3,19146.3,12575,14035
0,0,0,1,0,1,13,2,9.04,0,7,1,16,4,2,12,2,5,2,2,26.96,3,10,6,2,1,2,2,0,11,49,24,43,1,13,0,4,15,14,26,23,8,10,1,4,0,2,17.43,32,0,9,18,25,0,17,17,80,11,6.97,27,79,12,38,26,3,3.98,112,5,104,8,16,13,9,3,0,3.6,23,4,13,127,30,0,10,137.48,46,0,47,49,199,39,104,2,111,210,105,166,34,26,0,108,26,238,96,8,346,85.58,98,35,3,119,0,118,142,201,138,34.21,220,20,304,263,36,198,83,12,22.21,17.29,10,324.74,53,60.37,194.42,426,4,158,205.17,80.95,72,51,104,77.67,335,113,26,54,350,108,62,258,311.7,42,28,99,669,139,1013,48,430,210.31,500,48,8,17,291,68,252,777,66,147.5,313,1245,138,318,766,698,74,424,445,163,231.87,1267,424,1051,67.15,1443.18,643,191.46,178.53,42.21,138,1140,123,413,106,410,1356,8,814,307,55,795,108,731,982,1448,436.47,2140,97.33,1117.25,719,978,254,2664,1567,962,1570,367,1772,2671.29,2551.71,178,749,782,3008.34,831,368,473,1860,169,1807,547,239,2305,9.02,155,1393,323,130,2332,1588,1658.78,148,1847,1680.39,114,163,1488.13,82,4482.44,231,309.74,1748,2056,2766,1698,10.3,2247,463,6,1277,776,247.06,2188,1,2437,282,1874,1137,1709,215,1139,906,4395.52,1718,3042,2051,1969,839,4352,1307.99,201,606,2660,801.03,2731,1465,343,253,1603.5,146,3094,490,4094,1497,1118,68,227,254,1736.98,5234.51,1950.93,5463.17,3593,425.43,277,4743,1923,2446,325.37,5850,2066,649.1,2890,2594.2,212,2665,1692,1493.44,511,909.01,824,1070.9,2021,1187.94,1006.96,2191,5141.39,4806.53,1233,3919.56,193.69,3520,5013.74,1849.91,1792.55,2007,615,1052.75,2158,171,3141,5156,3206.82,758,3851.02,611,906,2595,5846,4125,392,3331,1662,437,3320,6519.38,1811,1524,286.27,2315,1220,6171,4888,2164,4709,3366.45,3285.39,4955,5524.35,6491.39,8654,913.24,3585,2938,1229,1166,4381,1693,1567,4849.29,1139,10323.9,3150,5984,6195,7035.7,5702,1893,4389.99,3445.39,4229.11,543,12972.2,7579,677,3015.69,2620.19,5928,2266,5952.35,2052,1727,1391,3794,7183.91,1411.45,3,1345,5357,9465,8592.99,6517,4620.87,1720.49,6272.95,2656.67,1624,33,3078,4524,6356,68.47,5090,6514,6306.13,539,5873.49,11454,1156,2246.91,539.9,8972.77,10467.4,4111.51,1352,8,275,9268,11414,9008,9409.56,2120,6153.85,5816,3210,146,9508.61,2962,1469,5411,10384,4429,3982,10121,8690,14153.9,13178.8,4117.75,12273,5071,2276,5531,7782.16,10566.9,11650.8,2794,255,6454,1095,7259,1641,6183.23,8789.23,234.25,1535,5207,6840,9625,4872,9229,6544,6601,6913,8019,229,5897,7334,10685,16471,16333.5,4116,13424,1420,9135.67,10071,8855,9149.44,6732.94,12287.8,15059,7945
0,0,0,0,0,3,3,12,0,12,5,3,10,0,15,23,10.29,1,5,35,11.62,11,36,3,10,24,5,43,16,2,24,4,14,10,10,20,47,45.09,5,44,1,45,36,9,20,0,23.08,8.9,38,9,25,99,10,30,17,8,67,16,34.29,36,66,8,63,33,26,25.72,8,53,223,80,26,28,41,16,26,54.43,47,14,58,113,135,19,23,283.32,30,251,20,14,155,269,202,16,131,90,172,88,136,114,113.82,183,15,222,85,89,47,134.65,177,63,222.84,70,445,160,35,173,143,497.02,146,7,377,111,27,72,32,593,3,75.39,202,471.29,127,118.12,67.9,148,37,97,420.59,251.08,748,25,52,118.39,205,207,855,886,540,15,112,371,167.04,58,76,20,225,397,386,180.99,1067.78,51.3,66,61,289,27,363,18,63,238,103,90.2,880,48,361,65,194,211,57,678,210,393,592,716,274,708,71,84.49,1723,166.38,757.88,550.89,116,644,136,10,56,298,150,21,393,222,152,1177.8,2052,669,1924,565,147.65,2108,563.87,2048,1676,521,418,3029,1563,1303,453,2446,3674,1307.06,1629.99,58,334,770,2837.6,2464,2352,673,1028,50,916,693,116,1102,61.28,593,2630,1938,219,2404,2017.83,557.33,354,3161,2063.04,448,343,539.31,279,3633.1,103,715.51,779,2143,3210,1135,3096.88,1964,1004,11,688,1294,2892.48,2270,32,786,240,2540,2011,1628,298,4653,964,5205.63,1947,4088,2348,843,104,5260,3335,99,4113,1126,1776.04,2811,2870,785,687,2027.35,688,2510,968,4321,2279,2047,75,417,842,5402,4901.93,2629.97,4988.17,592,488,791,3569,3341,1219,1456.85,2720,2454,1061.02,4911,914.22,418,4373.55,3991,6659.48,936,375.67,567,1175.78,1627,371.73,547.32,3256,5749.18,6298.35,6137,287.77,1069.7,2004,944.84,408.51,5792.79,1783,10,763.83,1902,1351,2035,6047,827.9,859,1599,5452,956,6795,6392,3225.98,608.49,579,489,1204,769,7448.69,2502,2706,1891.23,4367,1293,2844,6326,1315,1103,4833.47,4143,3230,3761.43,8085.54,6592,6219.52,2612,3515,317,223,2292,338,2213,4856.56,4059,13263.2,3674,3124,6116,9183.52,9814,6479.97,7642,1831,3668.03,7717.14,9303,5210,312,365,1696.86,4975,5681,5783.87,114,1915.91,1595,9869,11167.9,1665.8,0,6836,5108,9486,11442,6163,5880.1,5373.48,6926.15,4580.51,3185,8612,9689,4184,2141,565.6,6993,12430,9270,1352,9288,11543,5219,10785.6,9109.99,9265.73,9757.26,7134.87,3153,40,1548,3868,7895,7624,13136.9,2869,6812.59,2458,2439,1281,12003.9,6253,839,6226,15547,941,3503,10399,12108,14255.7,15162.8,1630.61,7388,9039,5456,9986,9330.6,3959.8,11132.9,5850,3905,11889,4370,9584,2087,11684.3,12439.1,23.53,5489,11231,3343,12296,6947,6168,13842,3734,8491,15967,586,4824.57,13665,13311,16015,15207.9,5401.98,14744,24,7417.75,8621.84,5824,687.23,13432,14358.1,11940,10007
