4.0267,8.4876,-2.5075,-1.3198
4.3846,8.2643,-2.4772,-1.0992
3.3873,-2.1012,2.2727,1.2306
2.9932,10.104,-2.7166,-2.2327
-0.20808,-4.2409,4.4946,0.15844
3.8799,10.211,-2.8147,-1.8688
3.6917,2.3788,-0.39956,0.19905
0.98972,-7.45,7.5369,1.4635
3.2267,5.4147,-1.5984,-0.82596
2.1811,8.7429,-2.3753,-2.2123
1.8643,8.367,-2.251,-2.2488
3.7259,-2.4591,2.5203,1.4709
1.1614,7.3733,-1.9034,-2.2871
-2.2341,9.8065,-1.5119,-4.506
3.8215,8.5856,-2.515,-1.4381
4.4352,-3.4323,3.2698,2.0276
2.9385,2.5012,-0.40374,-0.1675
0.71926,0.57961,0.8843,-0.65082
-0.27375,-6.2498,6.4596,0.6137
4.4171,11.735,-3.0392,-2.0635
5.7514,7.9579,-2.4287,-0.41157
-0.20811,-4.2409,4.4946,0.15843
3.2716,10.775,-2.8399,-2.2988
1.2538,8.5283,-2.1842,-2.5675
3.8085,10.623,-2.8683,-2.017
-1.1802,-6.3799,6.8624,0.23254
0.4168,-4.4179,4.5104,0.48385
-1.5079,7.6197,-1.3269,-3.5616
5.6718,10.606,-2.9424,-1.1889
4.4829,-3.3213,3.1797,2.0209
-0.47711,-1.9089,2.7168,-0.54711
1.4986,1.7459,0.13391,-0.60871
4.2998,7.6335,-2.3221,-0.96126
-2.2716,9.0194,-1.3721,-4.3012
-2.3025,-2.8967,4.0042,-1.128
2.5919,5.9974,-1.725,-1.2678
2.7399,5.5407,-1.5944,-1.0768
3.6084,0.2687,0.71942,0.71834
4.6039,3.6478,-1.0008,0.26234
3.0534,10.193,-2.7366,-2.2311
4.4493,8.6561,-2.5663,-1.1799
-0.96884,10.234,-1.9637,-4.051
0.1494,8.6628,-1.9877,-3.1021
1.0847,4.1942,-0.88106,-1.45
3.411,6.1935,-1.8645,-0.95743
-1.5738,10.659,-1.8373,-4.4466
1.5497,6.1099,-1.6179,-1.7642
-1.5738,10.659,-1.8373,-4.4466
3.9585,6.221,-1.91,-0.72234
1.5274,1.7317,0.13671,-0.59206
3.3387,-4.0204,3.7884,1.6899
5.4621,4.0199,-1.1558,0.53961
2.8337,5.5834,-1.6182,-1.0467
2.511,5.9636,-1.7052,-1.2946
4.8154,5.793,-1.806,-0.22647
4.8043,0.26415,0.69421,1.2469
3.0946,6.0192,-1.7834,-1.0501
5.8197,5.2174,-1.6052,0.3721
2.8511,-4.367,4.1214,1.5593
-2.1656,11.84,-1.7516,-5.0538
2.2407,-1.2396,1.7701,0.50159
0.53798,4.2109,-0.7852,-1.7001
3.5443,11.918,-2.989,-2.503
1.6253,-0.94194,1.6528,0.15049
5.6879,3.1007,-0.75673,0.88556
2.4671,1.5052,0.13122,-0.11279
3.9629,-3.3468,3.2043,1.7983
2.3331,9.7166,-2.5739,-2.4179
0.63635,7.4372,-1.8193,-2.5408
0.17561,8.5965,-1.9805,-3.0717
3.5742,-2.1812,2.3214,1.3336
4.4431,0.12304,0.77896,1.1248
3.9582,10.692,-2.889,-1.9702
3.8478,-3.5182,3.3469,1.7903
3.6422,11.646,-2.9731,-2.3817
2.5648,2.8203,-0.51421,-0.41891
3.6014,8.1465,-2.4016,-1.4133
0.063488,4.8159,-0.9089,-2.0781
0.40306,6.5102,-1.5245,-2.3893
1.3074,1.9113,0.081566,-0.73818
3.2362,9.0202,-2.5545,-1.8197
4.4962,1.7216,-0.10369,0.72868
4.9051,8.7461,-2.6017,-1.0037
1.2618,7.5409,-1.9628,-2.2886
3.8556,5.8394,-1.7839,-0.66322
4.1047,2.0773,-0.27206,0.46177
-1.5872,-1.8517,2.9862,-1.0655
1.2118,5.6426,-1.4155,-1.7874
3.7827,-2.3337,2.4252,1.4643
3.8188,0.028622,0.85142,0.8739
1.997,7.5537,-2.0831,-1.963
4.0822,2.9115,-0.66476,0.22959
4.2165,8.3398,-2.4858,-1.1946
1.6518,-7.0876,7,1.6765
3.2427,0.80352,0.43764,0.41652
-2.3434,-5.8174,6.6733,-0.43272
3.1675,0.82283,0.43231,0.37811
1.2898,-7.3858,7.4065,1.5834
2.9214,11.691,-2.9019,-2.7153
-4.1739,11.042,-0.90643,-5.7479
2.3207,-4.2552,4.0705,1.2961
4.4773,-2.4689,2.5146,1.8045
4.9672,-0.2022,0.97593,1.4397
2.6086,-4.1988,3.9935,1.4102
4.1827,0.12944,0.7798,1.0083
4.0452,0.18667,0.74973,0.93275
1.7174,11.223,-2.6828,-3.1202
-1.1036,7.5237,-1.4213,-3.3512
2.6059,10.213,-2.6869,-2.4363
2.4112,11.26,-2.7931,-2.8202
3.2233,-3.9983,3.7756,1.6333
1.8854,4.8711,-1.2586,-1.2752
3.0812,9.863,-2.6884,-2.1256
4.7164,6.2867,-1.9608,-0.40549
1.8046,6.6968,-1.8288,-1.8117
2.681,2.9458,-0.58249,-0.40075
4.2983,7.0605,-2.1713,-0.80327
2.6888,5.8528,-1.6902,-1.185
3.3192,-0.32143,1.089,0.74378
0.50524,-4.0354,4.1574,0.42951
2.8584,11.18,-2.8425,-2.598
3.1852,11.201,-2.8818,-2.4581
-2.8026,8.7678,-1.1401,-4.4734
-1.9017,-1.5763,2.893,-1.279
-2.1706,9.8034,-1.5329,-4.4761
3.5291,6.6055,-1.9965,-1.0184
-4.1382,12.771,-1.0203,-6.2282
3.1896,-2.3713,2.4816,1.2115
5.0207,1.1688,0.18538,1.1052
3.6831,0.33574,0.67677,0.73389
2.5581,-3.8986,3.7401,1.3136
4.9247,8.8598,-2.626,-1.0269
2.5293,5.0742,-1.4123,-1.0432
0.46012,4.1142,-0.73223,-1.709
-2.2534,9.2902,-1.4247,-4.3691
3.5052,11.74,-2.9693,-2.4693
4.5291,10.413,-2.8848,-1.6384
4.9547,8.2818,-2.5008,-0.85231
4.2998,11.315,-2.9884,-1.9956
-0.96884,10.234,-1.9637,-4.051
2.1194,-1.1353,1.7149,0.42079
0.9319,-1.4991,2.1329,-0.016979
4.3625,3.4478,-0.9102,0.20962
3.5698,-3.2868,3.1681,1.6099
3.1334,10.809,-2.8297,-2.3699
0.1317,-2.8709,3.2864,-0.02889
4.1772,0.33201,0.66103,0.95309
1.7294,-2.2833,2.5618,0.53975
3.6341,0.81494,0.40768,0.58686
2.1206,7.0654,-1.9749,-1.7724
4.3422,8.336,-2.4914,-1.1379
-2.5098,11.037,-1.5657,-4.9816
5.0266,0.45602,0.5843,1.2946
2.6471,11.856,-2.8821,-2.8848
1.5766,7.6971,-2.0537,-2.1909
1.7888,-2.678,2.8477,0.66599
1.8129,-5.2123,5.0066,1.3034
3.315,-3.2156,3.1232,1.4794
1.6176,-3.9266,3.8735,0.90144
1.5125,2.7889,-0.36427,-0.88013
5.2198,3.917,-1.1165,0.46096
3.7397,8.6881,-2.5307,-1.5031
-0.59362,7.6096,-1.5788,-3.1439
2.14,9.7291,-2.5488,-2.5077
5.1324,1.4658,0.028192,1.0761
3.6285,-2.7931,2.7773,1.5121
1.2178,8.2081,-2.1097,-2.4941
0.89255,7.0694,-1.7756,-2.3236
-3.0732,11.593,-1.4044,-5.3987
0.13925,6.3211,-1.4131,-2.4561
0.5728,-0.016307,1.2559,-0.56103
3.8593,-2.2728,2.3778,1.4827
-2.4207,-3.1465,4.2457,-1.1197
-2.7317,10.52,-1.4306,-4.9359
1.8931,1.1724,0.37378,-0.2809
2.9148,-3.4846,3.366,1.3692
-0.35663,9.9681,-2.0902,-3.6981
3.8237,5.59,-1.7002,-0.60911
-0.86851,-4.8023,5.1767,-0.0033963
2.3065,9.956,-2.6084,-2.4973
1.812,2.6121,-0.32745,-0.69895
-0.97663,-4.4438,4.8794,-0.14002
-1.9091,8.0645,-1.3033,-3.8683
3.0396,6.9878,-2.0617,-1.3413
-3.2453,11.446,-1.3263,-5.4356
-2.2887,10.342,-1.5658,-4.6826
2.5908,-4.04,3.8577,1.3631
2.2401,5.5075,-1.5252,-1.2905
3.9279,-3.1329,3.0335,1.7295
1.7044,-5.7156,5.5151,1.3762
0.50524,-4.0354,4.1574,0.42951
3.1265,10.945,-2.8458,-2.4115
1.3207,-1.5942,2.1332,0.18158
4.8746,2.4829,-0.48244,0.69328
-3.8274,12.767,-1.1554,-6.0835
-1.1036,7.5237,-1.4213,-3.3512
4.1484,7.171,-2.1941,-0.90012
1.4871,5.6287,-1.4568,-1.6603
3.8716,-2.2068,2.3291,1.4714
5.7182,6.2418,-1.9506,0.047644
-2.808,9.9199,-1.3258,-4.8007
3.4095,-3.4625,3.3176,1.5828
-1.5738,10.659,-1.8373,-4.4466
3.38,10.95,-2.8726,-2.3003
0.95713,6.5493,-1.6453,-2.1509
5.0935,2.0551,-0.27374,0.90317
5.1169,5.7523,-1.7963,-0.082562
2.963,9.2707,-2.5737,-2.0115
1.9114,7.197,-1.9801,-1.9023
1.2489,-2.4681,2.7693,0.37161
3.4414,10.111,-2.763,-2.0353
2.6615,11.024,-2.8003,-2.6415
2.9434,8.2009,-2.3535,-1.7208
0.47828,-0.10953,1.33,-0.57927
4.137,0.59302,0.51217,0.86715
6.2136,3.1342,-0.74991,1.1067
1.5633,2.8179,-0.38502,-0.86515
0.54771,-1.3163,2.0809,-0.23636
-1.0577,7.0892,-1.3259,-3.2097
-1.5836,10.781,-1.848,-4.4858
-3.0362,11.697,-1.426,-5.4114
2.906,5.8073,-1.6983,-1.0759
0.20614,-1.752,2.4485,-0.27865
3.8746,11.29,-2.9558,-2.1773
-0.48392,2.4107,0.20542,-1.6771
1.3216,0.85563,0.62748,-0.45307
0.5728,-0.016307,1.2559,-0.56103
-2.8938,10.286,-1.3426,-4.9436
2.5911,-2.3634,2.5223,0.94395
5.743,1.4138,0.072409,1.3575
-1.6439,-1.8729,3.0189,-1.0859
-3.9448,11.567,-1.0483,-5.7924
1.6181,-1.671,2.1417,0.33427
-0.19407,-3.5802,3.9281,0.0013999
2.9362,2.31,-0.31329,-0.11762
1.8912,1.0527,0.43794,-0.25022
-2.952,9.057,-1.1373,-4.6232
3.7391,-2.2599,2.3723,1.4264
4.2977,0.40223,0.61763,0.98791
2.2408,9.7588,-2.568,-2.471
3.7016,6.3595,-1.9362,-0.87416
-1.9184,-2.0456,3.2307,-1.1672
1.5853,2.6486,-0.31156,-0.81009
3.2134,6.2968,-1.8794,-1.0736
2.796,9.3239,-2.5646,-2.1008
3.8634,-2.3089,2.4043,1.4937
1.6725,-1.5796,2.0711,0.33519
1.3597,-2.5876,2.8411,0.45139
0.54107,0.68446,0.85991,-0.75838
1.1395,8.2347,-2.1014,-2.5367
3.7814,-3.7217,3.5176,1.8115
0.081305,10.265,-2.2387,-3.5843
0.76242,8.6839,-2.1227,-2.8318
5.4719,3.3552,-0.87504,0.72265
3.0522,11.485,-2.8972,-2.5982
4.0053,-3.809,3.5859,1.9319
2.7595,-2.4512,2.5724,1.041
2.7766,4.8452,-1.3574,-0.8708
3.8386,0.50794,0.57084,0.75765
2.9537,1.2453,0.2206,0.17212
3.7799,7.0584,-2.1417,-1.0321
3.4027,2.2621,-0.32632,0.10213
1.5059,7.4438,-1.9802,-2.1522
4.8166,7.5739,-2.3258,-0.71649
2.5597,6.1973,-1.7828,-1.3371
1.7636,3.5465,-0.72947,-0.97111
0.18278,8.9024,-2.0415,-3.1542
3.0551,10.577,-2.7911,-2.339
0.50524,-4.0354,4.1574,0.42951
5.2372,2.1568,-0.3223,0.93935
2.9271,10.889,-2.8167,-2.4846
4.6655,10.608,-2.919,-1.6334
4.34,-0.56754,1.2036,1.2584
3.212,5.9711,-1.7788,-0.98474
5.1726,0.46182,0.58339,1.3571
3.6495,6.1568,-1.8708,-0.84157
3.9003,0.12912,0.78856,0.88378
-0.27324,-6.2652,6.476,0.61756
1.225,7.8211,-2.0234,-2.383
1.2586,7.5348,-1.9607,-2.2884
-0.27243,-3.7437,4.0832,0.0065561
3.6642,-2.4575,2.5215,1.4433
2.2314,-3.7101,3.6145,1.1216
-0.30681,-4.2012,4.4841,0.10404
-1.5836,10.781,-1.848,-4.4858
0.61973,-7.0777,7.1711,1.2111
-0.20269,-5.9288,6.1037,0.56969
0.45088,10.578,-2.3635,-3.5063
0.43478,0.64728,0.90164,-0.79644
2.8932,5.7491,-1.6783,-1.0656
2.4776,2.9638,-0.56912,-0.49611
-3.6273,12.457,-1.2303,-5.9017
4.3142,6.1804,-1.9147,-0.55387
1.2831,-1.6781,2.197,0.18622
2.1378,-0.44946,1.2745,0.25201
1.7277,5.9272,-1.5891,-1.6344
-0.016009,7.2598,-1.6338,-2.7856
1.0421,7.5564,-1.9271,-2.3915
0.34801,-1.3319,2.1314,-0.3222
2.7122,8.9764,-2.4897,-2.0407
-0.20811,-4.2409,4.4946,0.15843
3.5439,5.9312,-1.7927,-0.82648
1.9078,8.3055,-2.2443,-2.2122
-2.6061,10.78,-1.5051,-4.9524
2.2104,10.645,-2.6925,-2.7353
1.296,9.3188,-2.3427,-2.7702
-0.054819,9.7735,-2.1353,-3.5067
-0.17459,-6.3046,6.4929,0.67153
3.7199,10.982,-2.9073,-2.1583
4.2485,7.8075,-2.3628,-1.0323
3.5676,-2.4324,2.5068,1.3943
4.039,-4.1142,3.8469,2.0222
1.4448,0.73229,0.67613,-0.36554
2.204,5.2929,-1.4486,-1.2479
1.7465,8.0018,-2.1521,-2.1996
-0.20811,-4.2409,4.4946,0.15843
5.6607,5.5096,-1.711,0.22273
2.2586,5.0146,-1.3591,-1.1477
0.12795,-6.0299,6.1285,0.7432
2.8087,1.5998,0.048845,0.014148
0.1317,-2.8709,3.2864,-0.02889
3.2943,10.119,-2.7502,-2.1029
-2.2625,-1.8219,3.1865,-1.3812
3.2064,10.678,-2.8207,-2.3003
3.9035,0.30841,0.68327,0.83845
4.5467,1.8301,-0.1596,0.72224
-1.2727,-6.9677,7.5559,0.32757
3.1369,10.578,-2.8001,-2.303
3.6188,6.3272,-1.9207,-0.902
1.5795,1.4012,0.29756,-0.48133
0.94866,1.2387,0.48456,-0.72105
1.989,-0.6833,1.4388,0.24616
3.9235,0.6275,0.49962,0.76391
3.1805,5.8818,-1.7478,-0.97425
3.9381,0.63608,0.49423,0.76812
3.3566,-4.2691,4.0035,1.7591
3.9991,3.2056,-0.79217,0.11415
0.90969,-0.17634,1.2891,-0.36809
1.0185,4.0726,-0.82221,-1.4468
2.3769,5.7667,-1.6267,-1.3004
4.9904,7.854,-2.4001,-0.71759
-2.5471,11.849,-1.6181,-5.2309
4.1182,0.1187,0.7878,0.98267
0.2816,10.38,-2.3002,-3.5263
4.0113,6.6352,-2.0367,-0.81288
-1.1036,7.5237,-1.4213,-3.3512
4.0447,0.0025302,0.85911,0.98045
3.2158,0.41344,0.65931,0.5067
3.2207,2.4247,-0.39084,-0.02187
-4.0523,6.6437,-0.16338,-4.4559
-2.8899,9.9356,-1.2978,-4.8427
0.1317,-2.8709,3.2864,-0.02889
-0.20811,-4.2409,4.4946,0.15843
0.94264,3.9005,-0.74076,-1.4343
2.9342,10.059,-2.7031,-2.2463
-1.3586,7.3754,-1.3123,-3.4258
3.1819,8.9888,-2.5431,-1.835
3.5754,8.5642,-2.4918,-1.5413
2.165,11.26,-2.7577,-2.9303
-3.498,11.224,-1.2073,-5.4884
2.2236,-4.1306,3.9724,1.2222
3.3945,2.5632,-0.46823,0.018296
2.0153,3.2527,-0.63971,-0.77971
3.0737,0.10621,0.84836,0.52386
5.6833,5.8291,-1.8183,0.14535
3.9717,0.95844,0.31379,0.69842
3.8347,6.1056,-1.867,-0.74545
2.6351,7.5346,-2.1613,-1.6728
3.3924,2.8243,-0.58817,-0.052349
2.4749,0.81018,0.50073,0.073734
2.1644,10.152,-2.6179,-2.6163
3.4674,-3.2898,3.175,1.5654
0.35125,11.166,-2.4079,-3.7184
2.4703,8.5123,-2.3663,-2.0186
-2.2954,-2.5098,3.7029,-1.222
0.10286,10.835,-2.3148,-3.7363
3.4369,8.043,-2.3644,-1.4574
-3.4358,11.249,-1.2345,-5.4669
2.5301,9.5151,-2.566,-2.2732
4.1977,2.1413,-0.30648,0.48586
0.68092,-2.3883,2.8095,0.096618
4.6022,10.852,-2.9489,-1.7303
0.75922,0.49128,0.9266,-0.60975
3.0081,10.895,-2.8266,-2.45
0.12864,10.438,-2.2726,-3.6118
2.1064,6.9573,-1.9439,-1.7488
-3.0108,10.309,-1.3017,-5.0039
4.3698,-2.6496,2.6515,1.8028
-2.9226,10.581,-1.3671,-5.0407
2.8952,11.241,-2.8535,-2.5988
-0.37121,8.3394,-1.7981,-3.2468
1.6039,6.3603,-1.7014,-1.8088
1.0066,4.2245,-0.87892,-1.4933
3.2389,10.612,-2.8153,-2.2672
-3.7095,12.584,-1.2003,-5.9764
1.2001,4.5994,-1.0535,-1.5081
2.9516,2.5698,-0.43686,-0.18
-0.41767,4.8848,-0.82115,-2.3141
4.3806,-0.27194,1.0186,1.1998
2.7043,5.0748,-1.4316,-0.96547
0.25356,-2.5762,3.0355,-0.048164
1.035,-6.6357,6.5905,1.2947
2.5468,5.7114,-1.629,-1.2095
2.7928,-2.2619,2.43,1.0079
0.54107,0.68446,0.85991,-0.75838
-0.15971,6.7561,-1.4677,-2.711
-0.6316,7.3749,-1.5122,-3.0959
-0.047559,5.1807,-1.0109,-2.2276
4.2652,0.89161,0.34178,0.84551
1.0147,6.0975,-1.5231,-2.0007
1.8995,-1.5154,1.9969,0.42017
4.2382,0.0087232,0.8505,1.0642
3.2818,10.328,-2.7801,-2.1677
3.983,-1.1065,1.5599,1.2399
2.3172,9.3203,-2.5037,-2.3134
3.4483,-3.9523,3.7248,1.7215
3.6304,11.737,-2.9806,-2.4128
0.44035,-0.83846,1.7891,-0.40755
-1.8183,-1.6739,2.9339,-1.2161
0.43636,-6.6407,6.7155,1.0266
-3.3297,11.337,-1.2843,-5.4432
-1.7823,-2.3233,3.3898,-1.0348
3.9237,10.846,-2.9066,-2.0292
-1.1247,8.4566,-1.6216,-3.621
2.5215,5.3851,-1.5183,-1.1316
0.019475,-6.171,6.3024,0.72769
-2.7089,10.084,-1.3844,-4.8018
-1.5836,10.781,-1.848,-4.4858
3.2758,-1.537e-05,0.89719,0.64108
1.6365,-5.545,5.3545,1.3049
1.1207,6.0631,-1.5317,-1.9436
1.4764,3.462,-0.65131,-1.0769
4.9194,8.5565,-2.5614,-0.94446
2.2067,9.7833,-2.5671,-2.4932
4.7378,10.866,-2.9569,-1.6745
1.8729,8.3612,-2.2511,-2.2433
0.54107,0.68446,0.85991,-0.75838
0.61794,4.7032,-0.9845,-1.7977
4.2623,5.6336,-1.7369,-0.42701
5.0207,1.9587,-0.22616,0.89677
3.8123,-0.24822,1.019,0.94295
0.42766,10.293,-2.3211,-3.4357
2.8778,10.342,-2.7385,-2.3514
3.6547,2.3693,-0.39302,0.18519
1.8927,5.0036,-1.3066,-1.3081
2.6243,-2.943,2.9582,1.1048
2.5297,2.5987,-0.40932,-0.37531
3.972,2.2818,-0.36651,0.34881
3.1985,11.211,-2.8843,-2.455
3.6928,-3.2059,3.0985,1.644
3.4783,-4.2023,3.9395,1.7965
5.5038,7.9681,-2.4327,-0.5232
1.1117,8.5742,-2.1678,-2.6441
3.1497,10.303,-2.7631,-2.2194
2.1115,5.0072,-1.3376,-1.2113
2.2109,10.67,-2.6957,-2.7421
1.9996,0.60756,0.66821,-0.08494
0.59935,0.82795,0.76951,-0.76984
4.1518,-3.0209,2.9409,1.8001
1.3423,8.751,-2.2448,-2.5901
1.264,7.9702,-2.0648,-2.4071
3.4239,8.6329,-2.4936,-1.6278
4.8734,7.6435,-2.345,-0.71074
-2.5233,10.42,-1.4937,-4.8122
5.5888,-0.049483,0.89986,1.6726
-4.426,12.797,-0.89112,-6.3687
1.0425,2.4774,-0.14505,-1.0075
3.3179,8.8409,-2.5268,-1.7331
4.3626,7.6097,-2.319,-0.92688
0.088972,5.1191,-1.0205,-2.1493
0.88181,8.8489,-2.1786,-2.8243
0.55943,5.738,-1.3242,-2.1066
4.1055,6.0781,-1.8734,-0.61805
2.5456,7.0677,-2.0299,-1.5834
2.4151,9.9904,-2.6285,-2.4585
4.19,-0.52091,1.1767,1.1803
0.54107,0.68446,0.85991,-0.75838
3.6603,6.3354,-1.9261,-0.88585
-2.4402,-2.1689,3.5,-1.3744
1.9971,1.5027,0.18764,-0.32159
-0.16421,-3.2531,3.6547,-0.066656
3.2636,9.2941,-2.6088,-1.8843
-0.77599,8.0274,-1.6268,-3.3429
0.34953,6.4117,-1.485,-2.3863
5.052,1.7841,-0.13765,0.95674
3.665,7.2971,-2.1976,-1.1491
3.8554,6.5608,-2.0059,-0.86143
3.7838,8.7777,-2.5524,-1.5086
0.42124,7.2739,-1.7339,-2.5924
3.0692,2.4148,-0.37425,-0.086427
1.4801,5.5963,-1.4452,-1.6545
2.6917,-4.1855,3.9748,1.4439
-2.598,9.779,-1.3815,-4.6646
2.2619,11.748,-2.8191,-3.0262
1.8818,-5.1252,4.9147,1.3131
-0.61417,11.051,-2.1575,-4.122
3.0992,-4.2641,4.0135,1.6439
-0.65507,-4.8546,5.166,0.10618
0.5728,-0.016307,1.2559,-0.56103
1.1531,5.5867,-1.3872,-1.7985
3.9001,3.0158,-0.70377,0.12121
1.2339,1.5592,0.27003,-0.67779
1.096,-7.3452,7.392,1.4871
4.6097,0.62584,0.4855,1.0669
2.9518,5.8973,-1.7315,-1.0801
2.8736,8.5957,-2.4315,-1.8622
1.335,8.0719,-2.1002,-2.4036
4.7818,5.642,-1.7554,-0.20002
4.8986,-0.014251,0.86069,1.3608
-0.12527,8.4656,-1.8842,-3.1709
3.6143,1.3824,0.10278,0.42884
4.0402,1.6096,-0.034429,0.55714
2.1917,11.186,-2.7537,-2.8972
5.7618,6.4461,-2.013,0.010672
1.9305,0.38471,0.80329,-0.057466
5.6142,6.3653,-1.9905,-0.03194
-4.0182,12.373,-1.0608,-6.0579
2.0546,2.8255,-0.45689,-0.64769
3.9391,-1.9318,2.1286,1.4314
3.5174,6.527,-1.9727,-1.0019
3.2748,5.1688,-1.518,-0.73751
0.37203,9.424,-2.1768,-3.2155
-0.13842,-0.42684,1.6548,-0.77477
1.844,-2.0296,2.3632,0.52654
0.42193,3.1934,-0.34819,-1.4779
1.4592,8.4887,-2.2117,-2.4642
1.5844,7.6012,-2.0318,-2.1608
1.9723,7.3224,-2.0213,-1.9098
4.0854,0.67473,0.46749,0.82303
-3.0447,12.971,-1.4793,-5.7821
5.5916,6.0724,-1.8988,0.038486
2.9176,10.821,-2.8071,-2.4694
2.5985,0.82608,0.47939,0.12453
0.14585,5.6383,-1.2053,-2.2655
4.6714,7.8722,-2.3962,-0.86336
0.23834,-6.3613,6.4544,0.87153
2.1702,-0.85469,1.5263,0.37117
-0.67504,-3.8973,4.3163,-0.13766
-0.38603,-1.9372,2.7144,-0.49873
4.3699,1.6336,-0.056218,0.6963
4.3586,-0.56379,1.2009,1.2657
3.7709,3.5606,-0.93345,-0.082137
2.3616,11.217,-2.7816,-2.8303
-2.762,12.062,-1.5524,-5.3905
4.2869,0.96761,0.29948,0.83512
3.1957,-3.954,3.7394,1.6102
2.1075,8.3636,-2.286,-2.1391
2.9476,-3.8792,3.6919,1.4818
1.2984,5.45,-1.3673,-1.6959
3.9235,-0.14312,0.95081,0.9648
4.0573,0.78316,0.40765,0.78222
3.798,9.4124,-2.6761,-1.6802
2.9578,10.617,-2.7856,-2.3938
2.1863,-3.9356,3.8093,1.1574
1.8834,-5.5203,5.2968,1.4092
2.2481,3.1245,-0.61346,-0.64146
1.2768,7.4347,-1.9391,-2.2524
4.1061,0.2766,0.6952,0.9362
3.5894,-4.0498,3.8026,1.808
1.8878,-2.2908,2.5464,0.61236
3.2533,11.898,-2.9579,-2.6268
-0.84239,-3.77,4.2538,-0.24505
-3.98,13.113,-1.0953,-6.2539
3.4371,11.519,-2.9413,-2.4366
2.1154,-1.3033,1.827,0.46213
1.2097,7.3406,-1.9037,-2.2564
2.4194,7.1264,-2.0302,-1.6559
4.7182,8.3977,-2.5205,-0.98897
4.4007,2.6306,-0.54576,0.44521
0.7911,-7.3919,7.5058,1.3608
3.9035,0.7454,0.43418,0.7242
1.3081,-4.4996,4.4199,0.90408
4.5999,11.162,-2.9873,-1.8193
3.2465,9.1854,-2.587,-1.8614
1.8254,8.6785,-2.31,-2.3533
2.3804,7.5298,-2.129,-1.7851
-0.13623,10.072,-2.1599,-3.6278
3.0053,-3.9665,3.762,1.5289
1.3224,-2.337,2.6607,0.37133
1.6896,8.5461,-2.2616,-2.377
4.5273,8.4197,-2.5183,-1.0794
-3.3256,12.38,-1.3504,-5.7406
3.9214,0.085179,0.81385,0.9045
1.2932,-7.4689,7.5055,1.604
0.61849,5.7707,-1.3464,-2.089
3.2639,-4.4453,4.1643,1.7614
1.2128,7.9156,-2.0432,-2.4148
1.5829,8.261,-2.1838,-2.3452
0.1974,8.3159,-1.9276,-2.9833
1.3563,8.2164,-2.1359,-2.4343
4.3616,-2.7894,2.7587,1.8344
-0.04357,-6.8247,7.0338,0.85289
0.6779,0.2991,1.0515,-0.59603
-3.4921,-1.0977,3.1542,-2.1304
5.3677,3.5363,-0.95518,0.62835
2.6231,7.2424,-2.0852,-1.5971
0.81441,4.1459,-0.81355,-1.5583
4.5875,11.224,-2.9941,-1.8426
0.43593,7.0358,-1.6755,-2.5198
3.4805,-2.4304,2.5093,1.3552
1.6628,4.8477,-1.2178,-1.3684
2.5927,1.587,0.076199,-0.078511
2.2467,11.468,-2.7909,-2.9531
3.7506,2.2707,-0.35094,0.25388
-2.8938,10.286,-1.3426,-4.9436
1.2857,8.0042,-2.0763,-2.4068
-2.8558,12.22,-1.5257,-5.4789
4.6914,11.126,-2.9874,-1.7688
5.2878,3.3301,-0.86696,0.64857
3.4324,5.6955,-1.7084,-0.81137
-1.5721,8.7574,-1.549,-3.9087
3.1315,9.8192,-2.6866,-2.0908
-1.5776,-1.52,2.7517,-1.1457
4.9209,0.55197,0.52792,1.2231
3.0134,5.8882,-1.7346,-1.0503
-0.96884,10.234,-1.9637,-4.051
4.0287,6.6394,-2.0389,-0.80634
0.19742,8.3159,-1.9276,-2.9833
2.0092,2.9386,-0.50161,-0.69821
-0.34713,6.9249,-1.4682,-2.8424
2.8929,-3.9448,3.7515,1.4737
3.8738,0.05833,0.83156,0.89047
4.9063,-0.1742,0.95801,1.4057
4.2497,6.7084,-2.07,-0.7276
4.5095,7.7495,-2.3601,-0.90074
3.7648,-2.5877,2.6156,1.5206
2.3271,4.9518,-1.3453,-1.1
1.4036,-1.2463,1.8852,0.12961
3.4595,0.1887,0.77426,0.67333
2.5865,-4.4279,4.1972,1.4567
2.9431,2.6724,-0.48353,-0.21115
1.8141,-0.87832,1.5858,0.21841
3.4141,-4.1326,3.8816,1.7509
4.165,-1.9079,2.1066,1.5249
6.7157,5.5514,-1.6831,0.67321
1.3453,-2.3323,2.6537,0.38041
1.1615,-7.0084,6.9872,1.4385
3.7569,6.5718,-2.0028,-0.9081
3.2599,6.2592,-1.872,-1.0426
3.3784,-2.6376,2.6701,1.3624
3.9114,0.068669,0.82402,0.90438
0.98848,4.4591,-0.96448,-1.565
5.0248,0.25181,0.70352,1.347
0.42181,5.4168,-1.192,-2.0806
2.7386,-2.3075,2.468,0.99535
2.9471,5.4497,-1.5849,-0.95975
0.62592,10.339,-2.3701,-3.3595
3.7867,1.8076,-0.12467,0.39274
0.95631,4.8026,-1.0843,-1.6728
-1.036,-4.1956,4.6756,-0.2279
0.31807,8.7237,-2.0373,-3.043
2.4166,-5.2481,4.9717,1.5811
4.119,-2.8863,2.836,1.7519
2.6085,-5.1017,4.8142,1.6309
3.5319,2.1891,-0.29929,0.17876
2.2001,11.11,-2.7466,-2.8718
-1.7908,9.8029,-1.6569,-4.3027
0.19742,8.3159,-1.9276,-2.9833
-0.1463,-7.2699,7.5767,0.9096
2.1114,1.9918,-0.072315,-0.40017
4.0109,-2.3054,2.3979,1.5579
0.13905,5.7452,-1.2379,-2.2979
3.2571,8.9009,-2.5331,-1.7769
3.2243,-2.8443,2.8369,1.3462
5.55,3.8917,-1.1015,0.61277
2.3074,4.9066,-1.3268,-1.0965
0.56381,-1.532,2.2237,-0.17387
-0.70837,-3.706,4.1634,-0.20014
0.57281,-0.01634,1.256,-0.56101
4.6892,-0.057013,0.88547,1.2799
2.834,-3.7334,3.5777,1.3953
0.13167,-2.8709,3.2864,-0.028905
1.9151,-2.6718,2.8267,0.72083
-3.4106,10.426,-1.1609,-5.2207
2.0492,8.3482,-2.2743,-2.1608
0.13612,4.9991,-0.98943,-2.0953
0.55658,6.4695,-1.5446,-2.309
-0.44642,10.231,-2.1041,-3.8133
2.4833,0.67788,0.5732,0.11214
1.12,6.2517,-1.5883,-1.9958
3.5304,2.2064,-0.3076,0.17353
1.4967,-4.5314,4.4194,0.99629
3.0873,-3.5083,3.3734,1.4516
3.8615,-3.5686,3.3881,1.8089
-3.4223,10.254,-1.1353,-5.1773
4.0185,7.6099,-2.3013,-1.0792
0.82261,4.726,-1.0321,-1.712
-0.40025,6.4618,-1.3276,-2.7385
2.2757,5.3629,-1.4813,-1.2351
2.3829,-2.7639,2.8433,0.95245
5.7226,5.6775,-1.767,0.20403
0.5728,-0.016307,1.2559,-0.56103
3.2889,11.748,-2.9484,-2.568
1.7495,8.8492,-2.3321,-2.4351
0.95182,-0.33952,1.3807,-0.30683
0.035529,10.192,-2.2179,-3.5841
0.96757,7.893,-1.993,-2.5187
4.0133,6.3409,-1.9495,-0.73099
2.668,-4.4198,4.1829,1.491
3.138,10.98,-2.8512,-2.4164
4.1541,5.9513,-1.8356,-0.5618
4.5721,11.32,-3.0042,-1.8766
3.5441,-3.876,3.6558,1.745
1.4202,3.0159,-0.45096,-0.98221
4.0062,6.7359,-2.0655,-0.8429
3.9932,-2.6655,2.6683,1.6409
3.8764,0.88579,0.35738,0.6754
3.7264,-4.0284,3.7796,1.8632
5.1908,4.2397,-1.2468,0.36112
3.2473,3.0066,-0.65954,-0.16548
2.3995,0.21379,0.84664,0.19619
0.091591,-6.0364,6.1438,0.72833
4.8636,6.8999,-2.1452,-0.50935
3.3577,10.862,-2.8594,-2.285
2.5515,2.1458,-0.19755,-0.24497
3.8777,8.468,-2.4936,-1.3804
0.1317,-2.8709,3.2864,-0.02889
2.501,7.0158,-2.0106,-1.5889
4.3407,5.3287,-1.6365,-0.30913
1.7018,-2.9017,3.0308,0.68345
5.1356,0.56072,0.52571,1.3151
-1.26,-3.7065,4.3208,-0.4505
4.6533,8.343,-2.506,-1.0024
0.92648,6.0597,-1.4953,-2.0299
4.9142,8.8591,-2.6255,-1.0313
2.7831,-3.0842,3.0551,1.2108
-1.0135,7.996,-1.5553,-3.4418
-2.8938,10.286,-1.3426,-4.9436
0.54111,0.68444,0.85991,-0.75836
-2.0688,-1.9952,3.2443,-1.2486
2.632,10.264,-2.6975,-2.4389
1.1424,8.5376,-2.166,-2.62
-3.4132,10.72,-1.1928,-5.3056
3.4453,-2.6916,2.7077,1.4056
2.7754,1.2071,0.25651,0.10298
3.9862,6.0663,-1.8635,-0.66758
-2.1259,8.1555,-1.2525,-3.9925
4.0721,7.3942,-2.2491,-0.99566
1.1081,8.8368,-2.2194,-2.7192
0.86292,-7.1077,7.1569,1.3275
-3.9244,13.022,-1.1185,-6.2019
3.122,-2.82,2.8245,1.2947
0.83171,8.9608,-2.1901,-2.8783
5.0124,1.5838,-0.034812,0.99223
4.8385,8.4461,-2.5349,-0.94937
0.66128,1.5129,0.39496,-0.9225
4.7831,7.4526,-2.2936,-0.69765
0.22898,6.0873,-1.3633,-2.3513
-0.09837,-2.5487,3.0928,-0.21381
0.063769,-1.7728,2.4939,-0.33752
3.6581,-4.6019,4.2884,1.974
1.5089,7.9461,-2.1011,-2.2905
0.83246,5.8615,-1.4165,-2.0177
2.525,-5.898,5.6056,1.7855
2.4344,-1.8339,2.1561,0.73984
4.8897,1.9836,-0.23909,0.83254
3.324,10.795,-2.8476,-2.281
2.6134,2.0354,-0.15021,-0.18813
4.2023,1.6672,-0.069296,0.61349
-1.0269,8.1844,-1.5925,-3.5005
3.4259,-0.016988,0.89803,0.71202
2.4934,2.9593,-0.56883,-0.48786
-0.97137,3.7176,-0.23785,-2.2483
0.94309,0.25671,1.0275,-0.4659
-1.3723,-7.2535,7.9281,0.34798
-4.0017,-11.325,16.187,-0.041903
-3.0251,-8.4013,10.123,-0.15615
-0.98014,-0.56519,1.9519,-1.1198
-1.0889,3.6762,-0.18912,-2.2904
-0.82891,3.9579,-0.37155,-2.2487
0.87504,0.57613,0.8577,-0.57996
-0.73497,-6.085,6.4106,0.36548
-2.5314,-8.3415,9.8006,0.059793
-1.0827,-5.6504,6.0639,0.10388
0.26647,0.37375,1.0905,-0.8006
-0.14339,4.2981,-0.67187,-2.0308
-6.315,6.9198,0.86068,-5.5826
-1.5545,3.1363,0.17007,-2.3567
-0.049957,-2.0316,2.7025,-0.32293
-1.8598,-8.3101,9.4672,0.3628
-3.9766,-10.447,14.171,-0.1844
-1.468,-5.8914,6.4345,-0.014262
0.53497,0.21514,1.1275,-0.63836
0.30353,5.0931,-1.058,-2.0455
-3.5527,5.3846,0.010104,-3.8797
-1.0059,-0.36205,1.8329,-1.1841
-1.9811,-6.4238,7.1884,-0.12332
-2.8944,-8.5085,10.211,-0.072007
0.1721,-3.2485,3.5746,0.083957
1.7383,2.198,-0.12277,-0.62155
0.86701,5.5754,-1.3318,-1.9238
-5.0435,7.8607,-0.01718,-5.2523
-1.9976,-0.25966,2.0671,-1.6617
-1.6929,-5.4537,6.0632,-0.22152
-1.1939,-5.3108,5.7593,-0.028255
1.3818,1.3808,0.33817,-0.5644
1.6755,5.6499,-1.4931,-1.5817
0.08795,6.8102,-1.5395,-2.6142
-5.4212,9.202,-0.089397,-5.8038
-2.3303,2.5155,0.69315,-2.5441
-1.0827,-1.1414,2.3513,-1.0178
-0.10773,-0.84515,1.911,-0.65279
1.3619,3.0051,-0.43698,-1.0055
1.3065,4.5205,-1.0422,-1.439
-0.077034,4.3317,-0.69979,-2.0099
-3.3217,3.7965,0.49852,-3.3419
-5.347,8.1922,0.059674,-5.4858
-3.2939,2.8408,0.89335,-3.0723
-1.91,0.15142,1.7926,-1.7286
-0.77457,0.87647,1.0538,-1.4025
0.18222,3.3886,-0.3811,-1.6383
-0.10317,2.8221,-0.07242,-1.615
-1.3482,1.5339,0.86395,-1.8359
-1.7073,1.9033,0.78528,-2.0971
-0.77145,-1.8497,2.7506,-0.69546
-3.7827,-7.9369,9.8755,-0.61165
-5.2358,-7.3634,9.989,-1.4228
-1.8541,3.6544,0.04411,-2.6324
0.73329,2.0847,0.096894,-1.0417
-1.5574,-5.6434,6.2088,-0.11424
-4.8986,-11.687,18.131,-0.429
-4.6591,-8.9729,11.97,-0.80169
-1.9983,-1.0081,2.5415,-1.4687
-1.6088,3.7563,-0.072134,-2.5483
0.12305,0.31173,1.1565,-0.849
-1.8869,-6.913,7.7099,0.033813
-4.2799,-10.957,15.532,-0.23827
-3.3532,-8.317,10.173,-0.32743
-1.3281,-0.33656,1.9081,-1.3369
-1.6068,3.9836,-0.163,-2.6087
-1.3668,4.1708,-0.30613,-2.5503
0.067163,0.49415,1.0646,-0.92189
-1.3685,-5.9068,6.4178,0.034768
-2.9248,-8.088,9.6363,-0.17849
-1.3429,-5.4312,5.9251,-0.067169
-0.058406,0.46725,1.1077,-0.97148
-0.65042,4.4332,-0.59955,-2.2966
-6.6071,7.1205,0.97225,-5.7749
-1.9855,3.6232,0.098273,-2.6839
-0.7455,-2.229,3.0162,-0.58735
-2.4742,-8.4114,9.8725,0.10164
-4.3494,-10.166,13.887,-0.41559
-1.636,-5.7008,6.294,-0.13642
0.32654,0.33546,1.0999,-0.76355
-0.15395,5.2752,-1.0183,-2.3015
-3.9118,5.5078,0.11595,-4.0787
-1.4336,-0.17144,1.8384,-1.4277
-2.3746,-6.5302,7.4605,-0.27921
-3.1008,-8.0256,9.6377,-0.27409
0.030341,-2.967,3.3836,-0.050464
1.4941,2.1085,-0.043869,-0.70693
0.32256,5.6982,-1.2626,-2.2023
-5.4295,7.5937,0.23132,-5.357
-2.4501,-0.28267,2.234,-1.8624
-2.0296,-5.6296,6.3603,-0.33349
-1.4611,-5.4632,5.9952,-0.11342
1.1344,1.4503,0.34234,-0.6936
1.342,5.6922,-1.4536,-1.7426
-0.4328,6.9327,-1.4492,-2.8833
-5.7352,9.2513,0.062344,-5.9638
-2.5194,2.5316,0.75031,-2.6348
-1.4005,-0.99409,2.3458,-1.2
-0.39135,-0.47978,1.7472,-0.87529
0.9731,3.0349,-0.38441,-1.1877
1.0349,4.6308,-1.0362,-1.5908
-0.51386,4.4479,-0.63935,-2.2388
-3.8121,3.9704,0.62516,-3.6144
-5.7038,8.2805,0.22161,-5.6764
-3.4471,3.0224,0.87265,-3.1913
-2.1771,0.37042,1.7524,-1.9076
-0.99548,1.3041,0.88418,-1.6152
0.040355,3.5062,-0.3993,-1.7339
-0.21363,2.8573,-0.062694,-1.6743
-1.4361,1.9433,0.68457,-1.9843
-2.2518,2.4045,0.7185,-2.4786
-1.3329,-1.207,2.4664,-1.1146
-4.2085,-7.3488,9.3333,-0.94232
-5.5078,-6.7338,9.3589,-1.6935
-2.53,3.9501,0.14792,-3.0206
-0.063907,2.1377,0.23584,-1.4147
-2.3067,-5.3815,6.2129,-0.51995
-5.1994,-11.459,17.797,-0.61055
-4.9665,-8.4876,11.416,-1.0498
-2.2305,-0.71713,2.4305,-1.6496
-0.60031,3.3235,-0.17142,-1.9741
0.59918,-1.0179,1.8738,-0.2899
-1.2997,-8.3555,9.3153,0.62996
-3.1758,-11.525,16.006,0.38834
-1.832,-7.708,8.6594,0.24094
9.4063e-05,-0.045704,1.3925,-0.81124
-1.0653,4.0077,-0.32769,-2.3693
-0.43608,3.5471,-0.30547,-1.9601
0.65208,-0.47827,1.5208,-0.40545
-0.67986,-6.7261,7.0943,0.5414
-1.8946,-8.4258,9.6416,0.37232
-0.02881,-4.9176,5.0658,0.40492
0.87977,0.95077,0.65045,-0.67615
-0.13436,4.5183,-0.75628,-2.0865
-5.6294,7.2027,0.42574,-5.3413
-1.0874,2.4461,0.34577,-1.9599
-0.19015,-3.1695,3.5941,-0.099264
-2.017,-8.8296,10.271,0.40404
-3.5765,-9.881,12.805,-0.10406
-0.53028,-4.9691,5.24,0.19057
1.2162,1.2409,0.43784,-0.60167
0.4602,5.301,-1.1614,-2.0317
-3.0022,4.4491,0.12601,-3.372
-0.94457,-1.4504,2.5205,-0.87586
-2.0419,-6.9652,7.8303,-0.025258
-2.1565,-7.6347,8.6954,0.075131
1.0968,-2.6931,2.9634,0.36024
2.5042,2.8503,-0.52125,-0.4539
0.93395,5.6368,-1.3641,-1.9105
-4.6349,6.5001,0.13192,-4.6853
-2.0662,-1.4641,2.8699,-1.3828
-1.5313,-5.9425,6.5092,-0.03102
-0.30236,-4.2213,4.5006,0.111
2.2172,1.6822,0.069009,-0.27089
2.1793,5.9865,-1.6712,-1.4488
0.22438,6.5716,-1.5037,-2.4868
-5.3714,8.0283,0.10604,-5.4513
-2.0017,1.5245,1.0678,-2.1308
-0.56858,-1.7784,2.6479,-0.62175
1.0973,0.12928,1.0751,-0.36351
2.1572,3.1489,-0.61295,-0.68852
1.9161,4.8108,-1.2413,-1.2451
-0.050471,4.3402,-0.70903,-2.0003
-3.4956,4.3522,0.35063,-3.5722
-5.3928,7.2948,0.28409,-5.2568
-2.9286,2.2549,1.0262,-2.7483
-1.2476,0.035393,1.6607,-1.397
0.20936,1.733,0.37448,-1.1841
0.97512,3.2463,-0.47634,-1.2436
0.60529,2.6002,-0.12128,-1.2366
-0.86747,1.422,0.78871,-1.5883
-1.3298,1.4025,0.92626,-1.7929
-1.0501,-3.2199,3.8594,-0.47616
-3.6058,-8.795,11.018,-0.34228
-4.785,-7.3501,9.6798,-1.2129
-1.3229,3.7677,-0.1605,-2.4214
0.74536,1.0899,0.60025,-0.77312
-1.7247,-7.5703,8.4442,0.25899
-3.9578,-12.096,18.356,0.092136
-3.4949,-8.4843,10.491,-0.35717
-0.99092,-0.65204,2.0095,-1.1022
-1.4166,3.8274,-0.15737,-2.4801
0.54721,0.573,0.92089,-0.72641
-1.1646,-6.8124,7.3411,0.34085
-3.4882,-10.941,14.863,0.13899
-2.6833,-8.763,10.479,0.081186
-0.7682,-0.90909,2.1141,-0.93492
-1.0117,3.5428,-0.15559,-2.2195
-1.2347,4.0581,-0.30028,-2.4598
0.44831,0.82693,0.79974,-0.83749
-0.65085,-5.8549,6.1467,0.34898
-2.1978,-8.2595,9.5387,0.19589
-0.66331,-5.7389,6.0313,0.31565
0.38288,0.097106,1.2267,-0.67599
-0.07925,4.3103,-0.69119,-2.0051
-6.763,6.7145,1.1675,-5.7355
-2.0224,3.7392,0.062969,-2.732
-0.49496,-1.4999,2.4368,-0.65955
-1.8673,-8.0852,9.1657,0.3094
-3.8745,-10.435,14.071,-0.13797
-1.081,-6.141,6.5734,0.2214
0.74741,-0.30608,1.3971,-0.40726
0.374,5.1735,-1.1004,-2.0357
-4.0594,5.7158,0.11172,-4.2037
-1.3463,0.14246,1.626,-1.4697
-1.9601,-5.8752,6.5891,-0.24315
-2.6758,-8.1035,9.5391,-0.059617
0.60789,-3.0086,3.295,0.22008
2.0184,1.9657,-0.047804,-0.43471
0.92796,5.5961,-1.3498,-1.9021
-5.7027,8.109,0.25626,-5.628
-2.4985,-0.15143,2.1709,-1.9186
-1.6781,-5.2692,5.8754,-0.25911
-0.99081,-5.4717,5.8567,0.10285
1.6121,1.0944,0.45434,-0.38588
1.7421,5.4749,-1.4458,-1.5041
-0.044784,7.0823,-1.5816,-2.7494
-5.8965,9.4556,0.11474,-6.0967
-2.6275,2.7169,0.70328,-2.7337
-1.0807,-1.0359,2.2813,-1.044
0.0073101,-0.60409,1.7321,-0.66314
1.4883,2.9189,-0.41871,-0.92579
1.2933,4.4533,-1.015,-1.4267
-0.24998,4.3863,-0.68023,-2.1028
-3.2685,3.7345,0.50303,-3.3007
-5.6992,8.3225,0.21086,-5.686
-3.4575,2.9587,0.90476,-3.179
-1.8022,0.47191,1.5732,-1.7631
-0.56811,1.0314,0.91743,-1.3498
0.30973,3.3065,-0.37339,-1.5588
-0.042036,2.5031,0.058769,-1.5022
-1.2768,1.6052,0.80723,-1.8224
-1.7411,2.4087,0.55322,-2.2469
-0.84254,-1.2941,2.3873,-0.86964
-3.7098,-7.7894,9.6353,-0.61032
-5.2761,-7.6351,10.386,-1.3817
-2.0717,3.6092,0.13162,-2.7194
0.45936,2.1471,0.12001,-1.1815
-1.5579,-5.2805,5.8461,-0.20152
-4.4338,-11.604,17.356,-0.2097
-4.1969,-9.1393,11.929,-0.5481
-1.6925,-1.2715,2.6184,-1.2616
-0.54921,3.18,-0.12307,-1.9125
0.42891,-1.0862,1.952,-0.34891
-1.6171,-8.3712,9.4554,0.48788
-3.4883,-11.176,15.401,0.18026
-2.2467,-7.3653,8.3946,-0.027594
-0.54497,0.061377,1.4576,-1.0853
-1.5832,4.0548,-0.19783,-2.6173
-0.31663,3.5668,-0.34234,-1.9114
0.64592,-0.82522,1.7405,-0.31854
-0.79565,-7.0341,7.4818,0.56036
-1.9971,-8.5412,9.8463,0.35047
-0.29482,-4.8643,5.0807,0.27172
0.51145,0.86111,0.76852,-0.81807
-0.57944,4.7372,-0.72858,-2.3471
-5.2576,7.1888,0.24368,-5.1646
-0.86808,2.3877,0.31399,-1.8448
-0.12307,-3.4914,3.8381,0.011358
-2.1028,-9.2688,10.977,0.45833
-3.4076,-10.011,12.934,0.0013537
-0.63754,-5.1342,5.426,0.18194
0.90092,0.97403,0.63409,-0.67278
-0.055979,5.4104,-1.0859,-2.2942
-2.7215,4.2637,0.093859,-3.1932
-0.65893,-1.8454,2.7181,-0.64558
-1.9234,-7.5081,8.4425,0.15363
-1.9537,-7.8625,8.9065,0.2198
0.92769,-2.5251,2.866,0.24202
2.0767,2.9443,-0.51287,-0.6696
0.45511,5.7096,-1.2939,-2.1458
-4.392,5.876,0.20588,-4.4012
-1.5998,-1.4742,2.7271,-1.1675
-1.3454,-6.5094,7.0589,0.18759
-0.20084,-4.8137,5.0103,0.3019
1.8271,1.9372,-0.0084587,-0.51256
1.6567,6.2276,-1.6702,-1.7487
-0.27424,6.6913,-1.4226,-2.7449
-4.9064,7.827,-0.074654,-5.1793
-1.765,1.2868,1.1164,-1.9603
-0.54391,-1.8381,2.6836,-0.59536
0.85697,-0.028165,1.2098,-0.43029
1.6303,3.1569,-0.54464,-0.92603
1.3607,4.8732,-1.1794,-1.5106
-0.56259,4.2622,-0.55745,-2.2105
-3.7318,4.3817,0.43429,-3.6888
-5.0722,6.9844,0.20582,-5.0219
-2.6671,2.0202,1.0449,-2.5662
-1.2979,-0.086774,1.7479,-1.388
0.081774,1.6045,0.46661,-1.2076
0.52902,3.4032,-0.45887,-1.4861
0.15405,2.5392,-0.00098423,-1.4234
-1.2737,1.6,0.80898,-1.8196
-1.4676,1.4221,0.95616,-1.8606
-1.3024,-2.9017,3.6811,-0.6705
-3.9463,-8.4752,10.736,-0.57064
-5.1643,-6.7559,9.1622,-1.5261
-1.554,3.6074,-0.028102,-2.4832
0.46647,0.98253,0.71159,-0.87022
-2.1943,-7.4337,8.4579,0.012108
-4.3839,-11.854,18.055,-0.1502
-3.957,-7.7227,9.6825,-0.74077
-1.4951,-0.33834,1.9584,-1.4124
-0.38435,3.3051,-0.21678,-1.8715
0.91094,-0.86878,1.7197,-0.18829
-1.2123,-8.2037,9.0788,0.63624
-3.2355,-11.576,16.182,0.36803
-1.9942,-7.5812,8.5622,0.13769
-0.13826,-0.11429,1.4647,-0.85582
-1.0855,4.0219,-0.3277,-2.3823
-0.23558,3.5811,-0.36734,-1.8786
0.9509,-0.60277,1.5438,-0.23906
-0.36973,-7.0899,7.4243,0.76676
-1.6125,-8.7136,9.9355,0.56514
0.1894,-5.2495,5.3312,0.58386
1.0142,0.56969,0.8368,-0.51583
-0.091821,4.5603,-0.78149,-2.0787
-5.4931,7.1091,0.38024,-5.2519
-0.99455,2.5286,0.28233,-1.9397
-0.079034,-3.7741,4.0625,0.10148
-1.6966,-9.1693,10.646,0.62471
-3.0739,-10.489,13.636,0.25169
-0.13341,-5.5406,5.6925,0.50819
1.3668,0.74243,0.68257,-0.4031
0.43167,5.3951,-1.1869,-2.0702
-2.994,4.5907,0.070961,-3.4067
-0.83036,-1.722,2.6767,-0.75469
-1.7763,-7.7339,8.671,0.27236
-1.7922,-8.1211,9.184,0.35192
1.4207,-2.9007,3.0706,0.55753
2.554,2.7573,-0.48452,-0.40684
0.88401,5.513,-1.3146,-1.8991
-4.8429,6.2044,0.31207,-4.7001
-1.9228,-2.0348,3.2243,-1.1719
-1.2522,-6.5788,7.1055,0.24637
-0.1278,-4.809,4.9882,0.33379
2.2435,1.4769,0.17078,-0.20488
2.0863,5.9359,-1.643,-1.4765
0.083037,6.6316,-1.4892,-2.5671
-5.4229,8.0009,0.13748,-5.4676
-2.1111,1.5126,1.1094,-2.1776
-0.74339,-1.7134,2.6476,-0.71748
0.75096,-0.094037,1.2685,-0.46075
1.9628,3.0337,-0.53754,-0.74437
1.7396,4.7291,-1.1864,-1.3018
-0.17168,4.1798,-0.62022,-2.0115
-3.6705,4.18,0.48586,-3.6059
-5.4596,7.396,0.29291,-5.316
-3.0484,2.369,1.0167,-2.8337
-1.6051,0.12083,1.7155,-1.5818
-0.16216,1.6665,0.48991,-1.334
0.55501,3.3303,-0.43328,-1.4549
0.27622,2.5921,-0.05118,-1.3825
-1.1909,1.3541,0.91199,-1.717
-1.3752,1.7288,0.77315,-1.8998
-1.0749,-2.6318,3.4069,-0.63495
-3.7407,-8.773,11.063,-0.41024
-4.9575,-7.3831,9.8326,-1.2869
-1.3262,3.7146,-0.13813,-2.4086
0.8409,1.1706,0.53981,-0.75146
-1.8539,-7.1337,7.9583,0.099906
-4.2772,-11.895,18.064,-0.091868
-3.8531,-8.4353,10.622,-0.53552
-1.2513,-0.6305,2.0689,-1.226
-1.8131,3.8475,-0.046369,-2.6658
0.15893,0.28749,1.1627,-0.8265
-1.8673,-7.2564,8.1112,0.12191
-3.9965,-11.312,16.15,-0.041436
-2.926,-8.5372,10.269,-0.080468
-0.66708,-0.74736,1.9841,-0.93084
-1.1195,3.694,-0.18792,-2.3092
-1.6034,4.1752,-0.23824,-2.659
0.12406,0.82195,0.8699,-0.98218
-1.2758,-5.9729,6.4571,0.092757
-2.5686,-8.6311,10.231,0.10586
-1.0279,-5.9786,6.3855,0.20706
0.4996,0.23519,1.1228,-0.6595
-0.24782,4.2673,-0.63582,-2.0696
-7.073,7.2999,1.1985,-6.0432
-2.2215,3.2246,0.34146,-2.6842
-0.74702,-1.9953,2.8477,-0.64733
-2.4772,-8.3533,9.7924,0.087496
-4.0864,-10.348,14.052,-0.25535
-1.3692,-6.1662,6.6925,0.095963
0.67751,-0.02461,1.2408,-0.51181
0.21172,5.0463,-1.0223,-2.0741
-4.3071,5.2882,0.35663,-4.2009
-1.7679,-0.74033,2.294,-1.4326
-2.389,-6.6097,7.5565,-0.26731
-3.0166,-8.448,10.186,-0.14202
0.31014,-3.3851,3.655,0.18027
1.7666,1.8432,0.046383,-0.51466
0.71199,5.5986,-1.3097,-1.9998
-5.8307,7.8032,0.38839,-5.6022
-2.7856,-0.64803,2.5835,-1.9215
-2.2143,-5.5567,6.3547,-0.4356
-1.5674,-5.3053,5.8737,-0.19987
1.4272,1.1421,0.45656,-0.48117
1.7604,5.3583,-1.4096,-1.4639
-0.021772,6.8068,-1.5136,-2.6628
-6.3611,9.4691,0.36383,-6.3174
-2.9168,2.1748,1.0602,-2.7216
-1.2498,-1.7253,2.796,-0.94422
-0.090736,-1.0331,2.0287,-0.59671
1.5053,2.8031,-0.36955,-0.88719
1.3375,4.5691,-1.0653,-1.4384
-0.20705,4.4781,-0.72452,-2.1084
-3.6308,3.9773,0.54858,-3.5328
-6.1886,8.628,0.41051,-5.9999
-3.8,2.6476,1.1834,-3.2534
-2.0649,-0.028342,1.9492,-1.7525
-0.80218,0.71348,1.1506,-1.3722
0.24628,3.3454,-0.37655,-1.5979
-0.18756,2.9218,-0.097353,-1.6798
-1.3779,1.7924,0.74221,-1.9179
-2.8342,2.1438,1.045,-2.6755
-1.5863,-1.7076,2.8844,-1.1018
-3.8146,-7.7946,9.6997,-0.65816
-5.2849,-7.4788,10.178,-1.4204
-2.9372,3.8275,0.34145,-3.1739
-0.18563,2.3981,0.14027,-1.539
-2.124,-5.2311,5.9953,-0.47229
-4.9183,-11.483,17.538,-0.46687
-4.7098,-8.9978,12.046,-0.82064
-1.9901,-1.2541,2.7022,-1.4018
-2.0706,4.0605,-0.048672,-2.8408
-0.21225,0.45171,1.1517,-1.0368
-2.1264,-6.85,7.7283,-0.090737
-4.4947,-11.176,16.262,-0.30573
-3.4086,-8.4067,10.331,-0.33373
-1.2425,-0.63674,2.0703,-1.2203
-1.3324,3.7412,-0.14713,-2.4185
-1.936,4.5593,-0.27961,-2.9146
-0.21491,1.14,0.77436,-1.2187
-1.3779,-5.7688,6.2779,-0.0023215
-2.8973,-8.5718,10.304,-0.059581
-1.3523,-5.9075,6.4133,0.042348
0.070353,0.35861,1.141,-0.885
-0.42108,4.341,-0.62221,-2.1679
-7.1256,7.5122,1.1791,-6.127
-2.4743,3.7838,0.19482,-2.9503
-0.90318,-1.4005,2.4753,-0.86987
-2.4242,-8.2491,9.6237,0.089022
-4.2039,-10.193,13.829,-0.3409
-1.6359,-5.9265,6.5281,-0.082627
0.20614,0.11765,1.2514,-0.76092
-0.097501,5.1331,-0.98323,-2.2372
-4.4732,5.5801,0.33461,-4.3575
-1.7736,-0.19803,1.958,-1.5756
-2.4264,-6.0354,6.9369,-0.41921
-3.2045,-8.2383,9.9841,-0.27535
-0.12591,-3.3569,3.7293,-0.023435
1.3342,1.9097,0.078061,-0.72571
0.34826,5.6244,-1.2444,-2.1705
-6.0816,7.8374,0.51339,-5.7287
-2.8616,-0.038399,2.2341,-2.1143
-2.2437,-5.5012,6.3094,-0.46235
-1.6378,-5.5604,6.1517,-0.17077
1.1625,1.1028,0.5199,-0.58936
1.4442,5.4839,-1.4025,-1.6398
-0.40809,6.9404,-1.4574,-2.8742
-6.4271,9.8283,0.34946,-6.4499
-3.1458,2.1982,1.1346,-2.8328
-1.5407,-1.3379,2.6163,-1.1755
-0.49098,-0.76268,1.9494,-0.8472
0.99855,3.188,-0.45543,-1.2174
0.98015,4.8452,-1.1039,-1.6736
-0.6177,4.7231,-0.71385,-2.3606
-3.8533,4.3447,0.49804,-3.7347
-6.2866,8.8306,0.42718,-6.1027
-3.9566,3.1344,1.0314,-3.4559
-2.3693,0.47848,1.7555,-2.0236
-1.1377,1.0634,1.0505,-1.6163
-0.01322,3.7225,-0.476,-1.8164
-0.35749,3.2067,-0.18131,-1.833
-1.6746,2.1792,0.64139,-2.1555
-3.0511,2.2295,1.0839,-2.7977
-1.7123,-1.2618,2.6182,-1.2732
-4.1045,-7.2273,9.1193,-0.92111
-5.4279,-6.7446,9.3193,-1.6532
-3.1471,3.9822,0.35819,-3.3119
-0.57995,2.4727,0.20037,-1.7371
-2.3763,-5.1363,5.997,-0.61083
-5.1651,-11.383,17.53,-0.6043
-4.8211,-8.731,11.694,-0.92926
-2.2721,-1.1576,2.7325,-1.5553
-2.0339,4.1288,-0.086905,-2.8425
-0.19933,0.56964,1.0821,-1.0619
-2.2814,-6.7893,7.7193,-0.17603
-4.5815,-11.036,15.996,-0.37107
-3.4598,-8.0281,9.8256,-0.44068
-1.2448,-0.53709,2.0083,-1.2471
-1.4646,3.8861,-0.16672,-2.5178
-1.8731,4.3655,-0.22772,-2.8334
-0.12773,1.061,0.79641,-1.1586
-1.5083,-5.7243,6.2751,-0.072465
-3.0221,-8.3546,10.055,-0.16502
-1.4623,-5.6753,6.2097,-0.06318
-0.056879,0.47479,1.1031,-0.97276
-0.57236,4.6138,-0.68578,-2.3103
-7.0726,7.3414,1.1882,-6.0545
-2.297,3.5963,0.2109,-2.8187
-0.78495,-1.4812,2.4985,-0.79563
-2.5813,-8.0656,9.4443,-0.024291
-4.4765,-10.227,14.107,-0.46497
-1.899,-5.852,6.5427,-0.22069
0.09567,0.30365,1.1671,-0.85923
-0.13381,5.4127,-1.0688,-2.33
-4.3593,5.4673,0.32058,-4.274
-1.7506,-0.45435,2.1082,-1.4986
-2.4627,-6.5741,7.546,-0.30952
-3.3868,-8.3077,10.178,-0.34513
-0.25426,-3.3645,3.766,-0.079536
1.2795,1.9494,0.067374,-0.76077
0.32407,5.6339,-1.2424,-2.184
-5.9093,7.9507,0.39724,-5.6799
-2.7324,-0.2629,2.3229,-1.9968
-2.2286,-5.537,6.34,-0.44689
-1.6839,-5.3937,6.0003,-0.23183
1.0775,1.0182,0.57947,-0.60518
1.3488,5.453,-1.3767,-1.6741
-0.3445,6.8309,-1.4437,-2.8152
-6.4337,9.7026,0.3704,-6.4174
-3.0713,2.362,1.0286,-2.8423
-1.6439,-1.1852,2.5456,-1.2616
-0.56868,-0.89925,2.0564,-0.84713
0.90798,3.1055,-0.40353,-1.2359
0.93282,4.801,-1.0795,-1.6829
-0.57622,4.7291,-0.72647,-2.3434
-3.7044,4.203,0.49077,-3.6278
-6.2043,8.8949,0.37091,-6.0823
-3.9957,2.8324,1.1815,-3.393
-2.433,0.416,1.8132,-2.0364
-1.2125,1.0549,1.076,-1.648
-0.1069,3.6536,-0.42681,-1.8401
-0.28223,3.1158,-0.16006,-1.7746
-1.5349,1.9792,0.69611,-2.0388
-3.1415,2.3313,1.0695,-2.8663
-2.0044,-1.2676,2.716,-1.4048
-4.4039,-7.1858,9.2374,-1.0707
-5.6757,-6.5873,9.2905,-1.8064
-3.1341,3.9906,0.34999,-3.3083
-0.63937,2.4503,0.22571,-1.758
-2.4698,-4.8101,5.7189,-0.73264
-5.3643,-11.168,17.153,-0.73529
-5.0144,-8.4273,11.357,-1.0855
-2.3447,-1.0321,2.6743,-1.6207
-0.7585,3.7105,-0.29118,-2.15
1.0769,0.041307,1.1303,-0.34972
-1.136,-7.3737,7.9937,0.48346
-3.5609,-11.254,15.642,0.15872
-2.5098,-8.6168,10.182,0.13003
-0.31986,-0.8524,1.9652,-0.7467
-0.63991,3.6379,-0.29208,-2.0767
-0.49021,3.8377,-0.4101,-2.0629
1.1386,0.40824,0.90701,-0.41781
-0.49985,-6.1647,6.4292,0.49109
-2.034,-8.7316,10.135,0.37494
-0.53303,-5.9396,6.2018,0.42261
0.93273,0.11385,1.1125,-0.43328
0.27398,4.2329,-0.73936,-1.8249
-6.1244,6.6414,0.83136,-5.4166
-1.0235,3.0487,0.057103,-2.092
0.45049,-1.8837,2.4902,-0.13507
-1.6174,-8.7381,9.9726,0.56821
-3.5524,-10.727,14.445,0.069585
-0.87211,-6.401,6.7902,0.37779
1.1551,0.0016019,1.1406,-0.30432
0.72154,5.0466,-1.1265,-1.8447
-3.0101,4.9159,-0.039088,-3.5026
-0.39109,-0.39685,1.6958,-0.89666
-1.4865,-6.5355,7.1355,0.12926
-2.3439,-8.9185,10.55,0.27203
0.93223,-3.5112,3.6367,0.49138
2.3224,1.7575,0.018826,-0.24399
1.2503,5.5131,-1.38,-1.7347
-4.7791,7.5127,-0.062214,-5.0328
-1.5903,-0.8778,2.3273,-1.3163
-1.1427,-5.7577,6.1918,0.10219
-0.66705,-5.6983,5.991,0.30424
2.2424,1.0743,0.38278,-0.099226
2.2633,5.432,-1.503,-1.2595
0.47276,6.8185,-1.625,-2.4431
-5.3213,9.2113,-0.14056,-5.76
-2.0272,2.0005,0.83798,-2.2686
-0.63205,-1.842,2.7088,-0.63426
0.55922,-1.0937,1.9311,-0.28836
2.022,2.9446,-0.50596,-0.69409
1.8133,4.5582,-1.1344,-1.2224
0.24574,4.4526,-0.81625,-1.8972
-3.0994,3.8675,0.38556,-3.2591
-5.2237,8.245,-0.011648,-5.4433
-3.0319,2.4013,0.99531,-2.8347
-1.4619,-0.27434,1.9093,-1.4139
-0.1045,0.62039,1.032,-1.0324
0.8364,3.3386,-0.49049,-1.3306
0.46012,2.8108,-0.188,-1.3582
-0.84678,1.5769,0.7039,-1.6198
-1.738,1.8621,0.81503,-2.1001
-0.63274,-1.8828,2.7378,-0.6242
-3.3221,-7.8804,9.553,-0.40927
-4.8593,-7.4077,9.8025,-1.235
-1.709,3.5828,0.028654,-2.547
0.86853,2.004,0.11116,-0.95954
-1.3637,-5.4759,5.9763,-0.065955
-4.529,-11.79,18.019,-0.23085
-4.2401,-9.0877,11.873,-0.57921
-1.4979,-1.3229,2.5932,-1.1599
