8.118,2.3726
7.8001,2.6896
-3.6902,4.3727
9.9086,0.97803
-6.9575,0.73381
10.067,1.8465
1.4413,3.2253
-10.813,1.7708
4.5979,2.1129
7.9855,0.27628
7.5964,0.083119
-4.0967,4.6848
5.8213,-0.81669
6.568,-5.0834
8.2554,2.1819
-5.2446,5.3593
1.5468,2.5916
-1.0788,-0.035637
-9.0537,0.11246
11.641,1.8909
7.6971,4.239
-6.9576,0.73378
10.453,0.94988
7.4754,-0.71529
10.731,1.798
-9.5455,-0.65669
-6.8686,1.053
5.0773,-3.7211
10.753,3.6751
-5.0948,5.3719
-3.9232,-0.44937
0.23578,0.5691
7.207,2.8359
6.2226,-4.8263
-5.1722,-2.583
5.0847,1.3014
4.5904,1.5094
-0.86098,3.6595
3.322,4.6935
9.8921,0.94257
8.3808,2.7965
9.4464,-3.4001
7.0184,-2.0953
2.5573,-0.32622
5.3507,2.0284
9.7906,-4.24
4.6954,-0.09556
9.7906,-4.24
5.8904,3.0788
0.27614,0.72789
-6.1765,4.5738
3.6552,5.1941
4.6402,1.5854
5.1372,1.3301
5.5602,4.1289
-0.76546,4.8024
5.114,1.7349
5.0214,5.3113
-6.5683,3.7741
9.3042,-5.5324
-2.7428,1.8187
2.6159,-0.69418
11.614,0.84493
-2.4882,2.261
2.6597,5.6634
0.25965,1.9174
-5.2412,5.1888
9.1396,0.231
5.9679,-1.2384
7.1426,-1.9612
-3.7531,4.3982
-0.90819,4.7793
10.49,1.7238
-5.393,4.7463
11.597,1.1754
1.7897,2.0389
7.6551,1.9789
3.0865,-1.3277
4.7892,-1.3926
0.35786,0.32455
8.7343,1.5182
0.81517,4.1684
8.4525,3.1794
6.1032,-0.68971
5.0288,2.5393
1.1647,3.71
-3.9312,-2.1099
4.1837,-0.31464
-3.945,4.8258
-1.1328,3.7655
7.0572,0.66018
1.9972,3.379
7.9721,2.597
-10.206,2.4361
-0.36966,2.8983
-9.0423,-1.9059
-0.22047,3.3965
-10.765,2.1702
11.307,0.26208
7.2464,-7.3375
-6.6158,3.5576
-4.0303,5.3272
-1.2155,5.6475
-6.4473,3.7006
-0.91676,4.5615
-0.93105,3.9803
10.579,-0.90545
6.287,-2.7774
10.067,0.5833
10.602,-0.23479
-6.1164,4.3176
3.7567,0.78397
9.3907,0.97027
5.6879,3.4169
5.7631,0.39637
2.164,2.5639
6.5183,2.8883
4.8028,1.2764
-1.5724,3.3856
-6.4795,1.3284
10.597,0.26701
10.966,0.77051
5.9498,-5.2642
-3.7372,-2.3582
7.0525,-4.9362
5.8553,2.1185
8.176,-7.824
-4.0456,4.1533
0.3877,5.338
-0.78737,3.6659
-6.0654,3.6337
8.5347,3.1348
3.9457,1.2431
2.4675,-0.79437
6.749,-4.8308
11.235,0.75924
10.702,2.7164
7.9268,3.3103
11.142,1.8692
9.4464,-3.4001
-2.646,1.7172
-3.221,0.88914
2.9612,4.2723
-5.1246,4.4428
10.481,0.79989
-5.1505,1.0192
-0.69829,4.4193
-3.957,1.5746
-0.18669,3.8327
5.6892,0.20804
7.8437,2.6045
7.4012,-5.7255
-0.42387,5.5929
11.521,-0.046688
6.2076,-0.48815
-4.3934,1.6909
-7.6907,2.5657
-5.1121,4.4108
-6.2611,2.7352
1.38,0.581
3.5059,4.9396
8.4368,2.1351
5.7811,-2.5906
9.2321,0.08527
0.72269,5.3323
-4.5328,4.6517
6.9356,-0.79183
6.2103,-0.49246
7.993,-6.4262
5.2904,-1.0858
-1.5647,0.94934
-3.8482,4.7812
-5.3915,-2.7625
7.1822,-5.7557
-0.18205,1.3827
-5.4683,3.8934
9.2962,-2.6127
5.0778,2.9525
-7.1145,-0.87508
9.3332,0.10226
1.5466,1.4966
-6.7305,-0.99479
5.4777,-4.1971
6.0617,1.4149
7.4204,-6.5538
7.1839,-5.2657
-6.2484,3.6876
4.4069,0.93126
-4.9372,4.9857
-8.2939,2.3708
-6.4795,1.3284
10.707,0.798
-3.2703,1.3069
1.649,4.3225
9.3933,-7.6119
6.287,-2.7774
6.6197,2.7123
4.3369,0.07645
-3.7538,4.6767
6.1591,4.992
6.6549,-5.6493
-5.367,4.3155
9.7906,-4.24
10.626,0.99716
4.9814,-0.81787
1.3821,5.1438
5.6594,4.6084
9.0196,1.1947
5.9667,0.11571
-4.2167,1.0808
10.183,1.59
10.804,0.31463
8.0726,1.632
-1.8215,-0.18915
-0.39581,4.3609
2.7574,6.2557
1.7216,1.1762
-3.0497,0.01671
4.9977,-3.0087
9.5899,-4.3584
7.7187,-6.4326
4.9405,1.6725
-3.5586,-0.23733
11.299,1.5667
0.60261,-1.3665
-0.73238,0.39233
-1.5647,0.94934
8.3453,-5.7175
-4.1302,3.6933
0.7017,5.9499
-3.9976,-2.0435
7.4358,-7.2619
-3.2951,1.3829
-5.5839,-0.40506
1.3316,2.6133
-0.27445,1.5233
5.9105,-5.5334
-3.8261,4.4956
-0.61574,4.4758
9.2041,0.14079
5.5956,2.3216
-4.2092,-2.3379
1.3686,0.90696
5.5002,1.8793
8.9186,0.91219
-3.9077,4.9214
-3.1877,1.4207
-4.3611,1.3257
-0.74688,0.80066
7.1928,-0.73019
-5.7372,4.9937
8.8194,-2.5389
7.2797,-1.4138
2.9456,5.4193
11.19,0.5083
-5.763,4.9735
-4.2069,3.7887
3.7297,1.5132
-0.52563,4.0605
0.050452,2.4562
6.411,2.3181
1.3194,3.0518
6.2927,-0.24615
7.493,3.6796
5.2553,1.1899
2.2458,0.76908
7.0238,-2.2372
10.386,0.87993
-6.4795,1.3284
1.4858,5.2037
10.702,0.64607
10.419,2.4464
-1.7465,4.5501
5.0209,1.7976
-0.40077,5.7733
5.6612,2.6339
-0.9108,4.4921
-9.0559,0.095046
7.196,-0.25782
6.0729,-0.7077
-5.7484,-0.51908
-4.1118,4.7058
-5.8544,3.2514
-6.2536,-0.51889
9.5899,-4.3584
-10.337,1.3797
-8.6135,0.14887
9.0155,-2.3189
-1.0525,-0.2959
4.6223,1.3874
1.9071,1.8758
9.4472,-7.3032
5.8819,3.4535
-3.3495,1.0613
-1.9074,1.6897
4.8475,0.40965
6.2858,-1.4916
6.0931,-0.90418
-3.1031,-0.08699
8.5952,0.96089
-6.9576,0.73378
4.9805,2.0869
7.2001,-0.082747
7.2558,-5.7306
9.9172,-0.2678
8.0482,-1.0236
8.9967,-2.2666
-9.0517,0.15424
10.838,1.4283
7.4907,2.8395
-4.0706,4.4576
-6.2336,5.2936
-0.74819,0.88674
4.6441,1.4622
7.1995,0.061616
-6.9576,0.73378
5.2956,5.0274
3.7529,0.8786
-8.7441,0.54916
0.48034,2.4599
-5.1505,1.0192
9.9081,1.2601
-4.0367,-2.7305
10.404,0.94666
-0.80856,3.8172
0.92036,4.1426
-10.657,-0.50408
10.709,1.1498
5.4391,2.1226
-0.039426,0.87999
-0.24551,0.47948
-2.1781,1.5527
-0.41279,3.9651
5.4327,2.3567
-0.45058,3.7428
-6.4171,4.358
2.2761,3.1922
-1.8248,0.19757
2.4643,-0.31959
4.645,0.95946
7.4514,3.4247
9.043,-5.948
-0.92919,4.5384
8.828,-2.4182
5.9477,2.5998
6.287,-2.7774
-1.1153,4.1757
-0.74109,3.2377
1.4289,2.7303
3.6864,-5.9252
6.6856,-5.7296
-5.1505,1.0192
-6.9576,0.73378
2.3367,-0.28835
9.8646,0.93573
4.9842,-3.4749
8.6808,1.4603
8.1792,1.9127
10.559,-0.49828
7.7616,-6.7266
-6.374,3.2096
1.5645,2.7994
1.8754,0.89262
-1.0751,3.3408
5.6449,4.9727
-0.089783,3.7271
5.5846,2.7862
6.2805,0.64284
1.9327,2.938
-0.35919,2.5379
9.549,-0.088277
-5.1994,4.6075
9.4852,-2.6342
7.83,0.66847
-4.8813,-2.4057
9.1818,-2.7649
7.9037,2.1543
7.4383,-6.6731
9.2325,0.66787
1.282,3.8946
-4.1618,0.30128
10.745,2.3626
-1.1559,0.042873
10.624,0.67892
8.9155,-2.5731
5.6255,0.25718
7.0976,-5.9509
-4.2602,5.2078
7.0562,-5.97
10.969,0.44714
7.1836,-2.2713
4.9271,-0.12146
2.7103,-0.24113
10.336,0.99969
9.447,-7.4328
3.7321,0.57441
1.622,2.5881
3.1687,-1.721
-1.4113,4.4568
3.9675,1.4112
-4.4246,-0.089194
-9.591,1.7087
4.4619,0.97618
-3.9547,3.7315
-0.74688,0.80066
4.829,-2.0621
5.3316,-2.6745
3.55,-1.4077
-0.047948,4.406
4.69,-0.53679
-3.0877,1.6296
-1.0712,4.5078
10.096,1.1635
-2.405,4.2645
8.9693,0.48202
-5.9856,4.3857
11.456,1.0047
-2.5734,-0.111
-3.8277,-2.2357
-9.4202,0.80353
7.4747,-6.5985
-4.461,-2.1903
10.779,1.7237
6.1907,-3.4726
4.2981,1.2105
-8.8907,0.38733
6.6129,-5.6259
9.5899,-4.3584
-1.1442,3.7809
-8.1202,2.3591
4.7914,-0.32211
2.0177,0.3566
8.3925,3.3696
9.2025,0.084754
10.858,2.5572
7.5768,0.083733
-0.74688,0.80066
3.0827,-0.75786
5.2294,3.4636
1.2782,5.1235
-1.4348,3.8971
8.802,-2.2281
10.034,0.71615
1.4073,3.1424
3.7948,0.64733
-4.8369,3.6415
1.6231,2.208
1.3388,3.4514
10.787,0.67656
-5.0339,4.667
-6.2959,4.4076
7.7047,4.0042
7.3414,-0.96564
10.094,1.0558
3.805,0.83195
10.106,-0.19126
-0.75622,1.6356
-0.85232,-0.20392
-4.7537,5.0861
7.9497,-0.55081
6.8752,-0.57208
8.2244,1.7299
7.2469,3.3867
7.2472,-5.5113
-0.98257,6.3249
9.3523,-8.2717
1.0513,0.30431
8.4031,1.5421
7.4832,3.1942
3.2961,-1.4514
7.3809,-1.3824
4.1289,-1.0081
5.6581,3.1549
6.0216,0.85457
9.4262,0.23012
-1.7033,4.4198
-0.74688,0.80066
5.6079,2.3323
-4.5061,-2.6726
0.21945,1.5358
-5.2078,-0.44186
8.9617,1.4219
6.0326,-2.9387
4.5935,-1.4868
1.0378,5.0494
6.8051,2.2956
6.192,2.8279
8.4939,2.1221
5.3677,-1.6643
1.5003,2.8135
4.3007,0.074617
-6.2326,3.2685
6.4206,-5.4273
11.012,-0.57961
-7.5354,2.5671
10.253,-3.3165
-6.423,4.0576
-7.0997,-0.71803
-1.5647,0.94934
4.199,-0.28385
2.0861,3.1749
0.16924,0.78314
-10.739,1.9756
-0.26744,5.0747
5.0094,1.6641
8.1701,1.2076
6.4658,-0.86341
5.3238,4.0384
-0.99132,5.5705
6.8598,-2.2787
0.2797,3.101
0.59164,3.5547
10.542,-0.42019
6.2878,4.8595
-1.0294,1.4848
6.2771,4.8427
8.0759,-7.5941
1.4791,1.0623
-3.4281,4.9983
5.7196,2.0698
4.2333,2.0715
8.3009,-1.8649
-2.2279,-0.39677
-3.7738,2.5597
1.6254,-0.53393
7.4047,-0.53127
6.5401,-0.15345
6.0494,0.10459
-0.35172,4.0803
9.6303,-6.8615
5.869,4.7748
10.431,0.54847
-0.46834,2.0761
3.9861,-1.3666
7.4694,3.127
-9.0341,0.5374
-2.3371,1.7788
-6.0192,-0.82011
-3.8864,-0.60174
0.90278,4.6922
-1.7466,4.4916
2.6228,2.8965
10.476,-0.31031
9.2848,-6.2413
0.041599,4.4173
-6.1103,4.441
7.6263,0.3351
-5.9474,3.8853
3.9552,-0.23763
-1.3004,4.0236
-0.18707,4.2363
9.2385,2.0117
10.386,0.74609
-6.15,3.2189
-8.047,2.5916
2.0349,1.5935
5.9681,-0.67124
-0.76264,4.3947
-6.2062,4.8858
-3.9434,1.7165
11.687,0.60959
-5.9176,-0.97257
9.5527,-7.8903
11.159,0.84404
-2.8275,1.7482
5.7698,-0.78092
5.8957,0.57168
8.1562,3.1604
1.7326,3.7508
-10.789,1.5963
-0.24594,4.0857
-7.0513,2.4251
11.165,2.3284
8.9899,1.5379
7.8255,-0.10057
6.2196,0.37921
8.4392,-2.7591
-6.1451,4.2362
-4.079,1.231
7.6865,-0.19299
7.987,2.8031
9.633,-6.9557
-1.0225,4.1068
-10.796,2.0807
4.2616,-0.88164
-6.7407,4.5074
6.208,-0.99911
7.4126,-0.20062
7.6628,-1.4545
7.1994,-0.50717
-4.4567,5.352
-9.8448,0.43979
-1.3674,-0.019861
-3.6473,-3.8103
3.0974,5.1813
6.2516,0.92556
2.7419,-0.24013
11.387,2.3983
5.379,-1.4386
-4.0941,4.4994
3.372,0.19133
0.38511,2.091
10.862,-0.44202
1.3473,3.346
8.3453,-5.7175
6.9177,-0.55613
9.191,-6.4013
11.298,2.543
2.8866,5.2004
5.3546,2.7754
5.9629,-4.1237
9.8003,1.3253
-3.6188,-2.0486
-0.37223,5.1805
4.8245,1.5251
9.4464,-3.4001
6.0149,2.6823
7.6628,-1.4545
1.9633,1.685
4.8419,-2.3512
-6.1112,4.0616
-1.0946,3.8116
-1.1803,5.6312
6.1026,2.8784
7.3367,3.0061
-4.2633,4.7971
3.7733,1.0474
-2.8615,1.0913
-0.96768,3.5226
-6.8103,3.8446
1.6562,2.3962
-2.4082,1.4661
-6.2143,4.3447
-3.3739,5.1714
5.4859,6.2114
-4.2241,2.0941
-10.111,1.8788
5.8763,2.3853
5.3355,1.7943
-4.3567,4.3513
-0.96641,4.6195
2.8705,-0.38805
-0.66696,5.6288
3.6429,-1.1973
-4.016,3.6619
4.4349,1.6314
8.7733,-2.0822
0.79433,3.3171
3.3251,-0.35937
-6.425,-1.1221
6.9749,-2.0073
-7.6602,3.1698
-4.6109,5.186
-7.3785,3.2071
1.1865,3.0218
10.437,-0.40054
6.9368,-4.6028
7.6628,-1.4545
-10.863,0.70223
0.79815,1.6613
-3.8833,5.0131
4.1214,-1.3737
8.7211,1.6557
-4.6401,4.2453
3.5718,5.4153
3.6598,0.95887
-3.2729,0.074384
-5.796,-0.90081
-1.5648,0.94936
-1.112,4.9531
-5.8201,3.9111
-5.1505,1.0192
-4.5478,2.6728
6.6181,-6.4001
7.4958,0.20662
3.5596,-1.041
5.1437,-0.96259
9.506,-2.82
-0.54922,2.389
5.2505,-0.1453
1.2092,3.028
-6.8835,2.248
-5.4903,4.1131
-5.4536,4.7548
6.7037,-6.3518
7.0563,2.4651
3.2371,-0.46171
4.7933,-2.0419
4.2325,0.96362
-4.6447,3.3925
5.5,5.0743
-1.5647,0.94934
11.365,0.60778
7.785,-0.35221
-1.9022,1.1597
8.5188,-2.6437
6.5776,-0.96177
5.6399,2.6679
-6.5351,3.281
10.734,0.79278
5.5338,3.2433
11.286,2.223
-5.8772,4.4714
1.5515,0.37255
6.2025,2.732
-4.3442,5.0607
-0.11548,3.9162
-6.1451,4.9599
3.946,4.989
2.1031,2.7366
-1.1414,2.0138
-8.6599,0.39739
6.4623,3.5572
10.581,1.0303
0.90361,1.7805
8.1674,2.2968
-5.1505,1.0192
5.8375,0.71307
4.9073,3.6154
-4.6578,1.6355
-0.29595,5.6626
-6.0328,-1.2002
8.0694,3.0876
4.4236,-0.79439
8.722,3.2908
-4.9997,3.8309
5.6658,-3.2864
8.3453,-5.7175
-0.74689,0.80071
-4.2895,-2.2123
9.6991,0.35262
7.0918,-1.0508
7.292,-6.4812
-4.4281,4.4879
0.022688,2.409
5.2915,2.6337
5.3938,-4.4663
6.9954,2.728
7.3578,-1.1786
-10.38,1.6709
9.5718,-7.806
-4.607,4.0645
7.2977,-1.5597
0.84656,5.1797
8.0313,3.0983
-0.055584,0.010586
6.9404,3.2418
4.4654,-1.3739
-4.45,-0.42762
-3.6054,-0.35532
-6.7872,4.586
6.4698,-0.59656
4.6435,-0.47333
-8.4812,3.2731
-3.3689,2.15
1.2908,4.9699
10.522,1.0243
0.81289,1.9
0.86664,4.3255
5.8311,-3.3516
-1.1792,3.7091
1.9559,1.9901
2.5245,-1.3548
-1.1182,1.624
-11.536,-0.28478
-20.379,-3.8825
-13.867,-2.1872
-2.5278,-0.42934
2.6653,-1.2556
2.8724,-1.2131
-0.73836,1.5021
-9.8424,0.56657
-13.81,-1.5144
-9.3364,0.19166
-1.0826,0.958
3.7184,-0.21133
4.0657,-8.5272
1.6889,-1.9061
-4.1395,0.76279
-13.542,-0.73117
-18.879,-3.4534
-9.8728,-0.15589
-1.2148,1.3528
4.8316,0.1598
3.5634,-4.8365
-2.2885,-0.56551
-10.668,-0.83778
-14.629,-1.784
-5.8192,1.61
1.5215,2.484
5.5386,0.70457
5.4749,-7.3413
-2.4132,-1.84
-9.0808,-0.6404
-8.9797,0.15413
0.43974,2.2408
5.734,1.5935
6.7904,-0.63487
6.6626,-8.2323
0.73295,-2.6926
-3.2774,-0.31542
-2.6849,0.99419
2.482,1.9241
4.2827,1.4352
3.7121,-0.20461
1.9673,-4.0933
5.6699,-7.7993
0.7992,-3.8907
-1.8703,-1.533
-0.64903,-0.19108
2.6594,0.36817
1.8851,0.1345
-0.04934,-1.174
0.24642,-1.7659
-4.0389,-0.17569
-12.763,-3.2629
-12.411,-4.8931
2.113,-2.4542
1.0697,1.0816
-9.0669,-0.70542
-21.762,-5.3285
-14.965,-4.3021
-3.3139,-1.5884
2.4364,-2.0693
-1.2053,0.71985
-11.246,-0.8085
-19.754,-4.0944
-13.812,-2.5786
-2.33,-0.86374
2.8705,-1.9761
3.0239,-1.8524
-0.99495,0.6188
-9.7633,-0.13711
-13.592,-1.9363
-9.0737,-0.13193
-1.0381,0.55491
3.7668,-0.84876
4.2222,-8.9577
2.1591,-2.4932
-4.5295,0.0057571
-13.928,-1.4416
-18.561,-3.8582
-9.6467,-0.35292
-1.1098,1.0747
4.9275,-0.45815
3.6442,-5.2756
-2.1575,-1.0538
-10.967,-1.2738
-13.932,-1.9847
-5.4562,1.3864
1.3584,2.201
5.542,-0.0062293
5.1107,-7.7086
-2.5566,-2.3346
-9.4219,-1.0095
-9.2889,-0.12798
0.47728,1.9298
5.7176,1.1845
6.7717,-1.3274
6.6131,-8.6212
0.72785,-2.8785
-3.1699,-0.68774
-2.2716,0.62893
2.4535,1.4763
4.3449,1.0678
3.7406,-0.76065
2.026,-4.7082
5.6101,-8.2407
0.98056,-4.0912
-1.6701,-1.8724
-0.16375,-0.52751
2.7818,0.18626
1.8952,-0.014819
0.42234,-1.359
0.71616,-2.4662
-3.3835,-0.88113
-12.039,-3.7186
-11.605,-5.1894
2.2989,-3.2639
0.99149,0.20694
-8.9205,-1.5269
-21.473,-5.6159
-14.271,-4.6139
-3.0227,-1.8736
2.1399,-0.86167
-2.7552,1.3318
-13.333,-0.16341
-20.342,-2.8914
-12.192,-0.90348
-1.6811,0.55365
2.9772,-1.398
2.4811,-0.67341
-2.0826,1.3314
-10.79,0.66159
-13.714,-0.79356
-7.9921,1.2389
-0.27147,1.4749
3.9415,-0.30226
4.7138,-7.8283
1.0119,-1.2143
-5.5728,0.64736
-14.574,-0.89155
-17.323,-2.8485
-8.2502,0.79051
0.16682,1.8704
5.0511,0.23069
2.6879,-3.9516
-3.6013,-0.34597
-11.572,-0.85145
-12.785,-0.91549
-4.8489,2.4408
2.4187,3.1546
5.5376,0.68708
4.1809,-6.4433
-3.8561,-1.7289
-9.7756,-0.39402
-7.186,1.0276
0.91037,3.0079
6.17,2.0358
6.4466,-0.46118
5.4127,-7.7623
-0.30676,-2.0839
-3.9748,0.38481
-1.1901,2.1668
2.7242,2.6849
4.663,1.9755
3.6593,-0.24629
2.4683,-4.4769
4.6701,-7.5517
0.26347,-3.3198
-1.8462,-0.75383
0.6088,0.71416
2.613,1.2736
1.7368,0.96052
-0.084333,-0.63671
-0.26154,-1.26
-5.7399,-0.44457
-14.02,-3.1293
-12.066,-4.4151
2.411,-1.8501
-0.1484,1.2307
-11.83,-0.86029
-22.222,-4.2593
-13.478,-2.9834
-2.6367,-0.56239
2.522,-1.9078
-0.80503,1.1331
-10.901,0.0019679
-19.191,-3.0731
-14.337,-1.8205
-2.9014,-0.17686
2.475,-1.1845
2.8918,-1.702
-0.5178,0.96789
-9.4998,0.66187
-13.621,-1.0917
-9.3511,0.65895
-1.4093,1.0943
3.7103,-0.17658
3.666,-8.9867
2.2507,-2.591
-3.5625,0.15028
-13.177,-0.7307
-18.809,-3.3134
-10.132,0.29385
-1.8347,1.619
4.9026,0.18406
3.7508,-5.5241
-1.7639,-1.0539
-9.8437,-0.8443
-13.806,-1.5148
-5.3906,2.0345
1.2555,2.7944
5.5407,0.73941
5.5122,-8.1959
-2.4173,-2.4396
-8.8126,-0.6412
-9.1418,0.37747
0.1049,2.5079
5.4659,1.6469
7.0393,-0.90497
6.8206,-8.8993
0.90148,-3.0544
-3.1426,-0.33692
-2.347,1.0632
2.3741,2.0483
4.1165,1.3385
3.7274,-0.4336
1.9452,-3.9961
5.745,-8.2666
0.8986,-4.093
-1.4499,-1.4752
-0.40721,0.018506
2.5957,0.54981
1.5136,0.28495
0.057452,-1.0997
0.83955,-1.901
-3.3804,-0.30563
-12.502,-3.1802
-12.803,-4.9565
2.0006,-2.6924
1.092,0.76221
-8.6095,-0.69321
-21.13,-4.6323
-15.101,-3.7685
-3.5547,-1.2277
2.0094,-0.74145
-2.8723,1.1916
-13.506,-0.49141
-19.767,-3.144
-11.837,-1.3349
-1.6647,-0.057874
2.9264,-1.996
2.5529,-0.51586
-2.5088,1.425
-11.334,0.57804
-14.014,-0.8793
-7.9854,0.95525
-0.44818,1.0889
4.1202,-0.87168
4.7935,-7.3806
0.99272,-0.9589
-5.9958,0.81162
-15.47,-0.99005
-17.623,-2.6276
-8.5208,0.6976
-0.2128,1.585
5.0952,-0.39263
2.5689,-3.5795
-4.0279,0.03484
-12.417,-0.69426
-13.201,-0.61844
-4.6758,2.3142
2.4758,2.6648
5.5246,0.099308
3.5575,-5.9894
-3.7644,-1.1684
-10.563,-0.15509
-7.9868,1.1904
1.1915,2.5895
6.3961,1.3868
6.518,-1.0658
5.3957,-7.1659
-0.52834,-1.7813
-4.0445,0.41251
-1.4338,1.937
2.66,2.1049
4.6894,1.3755
3.4783,-0.79788
2.4463,-4.7516
4.4714,-7.0889
0.069677,-2.9699
-2.0096,-0.79291
0.44063,0.63362
2.7042,0.70695
1.5819,0.47427
0.049928,-1.0993
-0.26122,-1.3949
-5.4191,-0.71658
-13.589,-3.4988
-11.396,-4.8204
2.1857,-2.0593
-0.33018,0.94452
-11.723,-1.3939
-21.913,-4.6941
-12.545,-3.4347
-2.3775,-1.1544
2.1794,-0.59898
-2.5148,1.6897
-13.072,-0.054245
-20.554,-2.9786
-12.084,-1.0581
-1.7951,0.39432
2.9915,-1.4229
2.5773,-0.43916
-2.1786,1.722
-11.323,1.0658
-14.197,-0.43777
-8.4271,1.528
-0.70679,1.7195
3.99,-0.27405
4.618,-7.6306
1.1155,-1.1484
-6.3437,0.86815
-15.141,-0.50707
-18.47,-2.3048
-9.0097,1.3204
-0.41894,2.1348
5.1654,0.17773
2.8588,-3.9736
-3.9146,-0.16125
-12.706,-0.54341
-13.552,-0.45203
-5.0921,2.9144
2.3134,3.2338
5.3775,0.66027
3.7593,-6.5933
-4.4991,-1.5167
-10.655,-0.037215
-8.0114,1.3424
0.68513,3.1498
6.1049,1.9523
6.4746,-0.65491
5.4238,-7.8205
-0.3488,-2.2045
-3.9277,0.15964
-1.5354,1.8523
2.5863,2.55
4.5651,1.8292
3.4475,-0.34126
2.2465,-4.6236
4.8044,-7.6676
0.36993,-3.4702
-1.8296,-1.1785
0.47188,0.3542
2.6598,0.80836
1.677,0.61252
-0.23555,-0.9749
0.11327,-1.3729
-5.0295,-0.5182
-14.053,-3.2732
-12.255,-4.5925
2.327,-1.8638
-0.024754,1.3482
-11.216,-1.0034
-21.917,-4.5728
-13.572,-3.367
-2.671,-0.83513
2.4679,-2.3452
-1.2279,0.76296
-11.738,-0.79868
-20.412,-3.8594
-13.982,-2.111
-2.681,-0.034556
2.6499,-1.3262
2.9362,-2.1548
-0.58227,0.6294
-9.838,-0.026112
-14.31,-1.576
-9.781,0.25332
-1.2096,1.2367
3.6665,-0.31818
4.1865,-9.5624
1.6287,-2.6761
-4.2442,0.0014635
-13.872,-1.4229
-18.809,-3.5554
-10.238,-0.043462
-1.4835,1.5866
4.7679,0.074622
3.2429,-5.6827
-2.9306,-1.362
-11.109,-1.2779
-14.607,-1.9147
-5.9756,1.7779
1.0799,2.5773
5.5385,0.51641
5.1476,-8.243
-3.0769,-2.6366
-9.3898,-1.2077
-9.0593,-0.2904
0.1438,2.3249
5.3953,1.7684
6.7568,-0.76927
6.5857,-9.4381
0.19021,-3.2705
-4.0648,-0.40874
-2.9267,1.0464
2.2607,2.1414
4.3192,1.4261
3.8494,-0.40436
2.0592,-4.5112
5.8275,-8.9396
0.4331,-4.4191
-2.1347,-1.6971
-0.86644,-0.21491
2.6095,0.43856
1.9787,-0.000174
0.25477,-1.2613
0.22317,-3.1126
-4.0545,-1.0793
-12.618,-3.2723
-12.563,-4.9609
2.02,-3.7155
1.2689,-0.004756
-8.693,-1.3129
-21.208,-5.2364
-15.003,-4.3702
-3.6071,-1.5681
2.6655,-2.6792
-1.1053,0.31242
-11.212,-1.0869
-20.491,-4.461
-13.993,-2.6452
-2.6774,-0.71793
2.648,-1.5937
3.3118,-2.626
-0.26619,0.19093
-9.5701,-0.15043
-14.392,-1.9333
-9.8059,-0.076381
-1.1443,0.72476
3.7068,-0.55297
4.4196,-9.712
2.2129,-3.0953
-3.5411,-0.23342
-13.734,-1.3296
-18.482,-3.682
-9.9786,-0.34194
-1.4017,1.0035
4.792,-0.33125
3.5282,-5.9606
-2.2734,-1.4224
-10.276,-1.33
-14.332,-2.1264
-6.0221,1.2596
1.0728,2.034
5.4571,0.043804
5.113,-8.5554
-2.3796,-2.7913
-9.3403,-1.2274
-9.4589,-0.34707
0.052438,2.0477
5.4766,1.3516
6.8166,-1.2827
6.9895,-9.6708
0.14777,-3.541
-3.6411,-0.80434
-2.6632,0.53094
2.6413,1.4605
4.5861,0.94167
4.0568,-0.94573
2.4336,-4.859
5.9771,-9.1218
0.93553,-4.7124
-1.5943,-2.1361
-0.50451,-0.66005
3.0294,0.066019
2.289,-0.26132
0.65283,-1.6739
0.26382,-3.3792
-3.5409,-1.2921
-11.801,-3.6076
-11.549,-5.1053
2.1611,-3.9773
1.2594,-0.49054
-8.6025,-1.624
-21.165,-5.5273
-14.681,-4.4547
-3.5709,-1.8574
2.7517,-2.6556
-0.95936,0.3029
-11.166,-1.2652
-20.136,-4.5297
-13.388,-2.6853
-2.5558,-0.75419
2.7982,-1.7763
3.0915,-2.5117
-0.35001,0.28415
-9.5245,-0.31597
-14.026,-2.0851
-9.4383,-0.26944
-1.0281,0.55673
3.9926,-0.81337
4.2701,-9.5927
2.0364,-2.852
-3.6108,-0.11561
-13.442,-1.5263
-18.715,-4.0519
-9.9223,-0.6687
-1.1942,0.83089
5.113,-0.46022
3.4078,-5.798
-2.5793,-1.3746
-11.061,-1.3753
-14.529,-2.3551
-6.07,1.1346
1.1171,1.9749
5.4875,0.03224
5.2783,-8.3865
-2.6091,-2.6396
-9.3871,-1.208
-9.2519,-0.38878
-0.06846,1.9704
5.447,1.273
6.714,-1.1647
6.778,-9.6062
0.36058,-3.4889
-3.4745,-0.93764
-2.8599,0.48389
2.5371,1.3976
4.5325,0.90712
4.0614,-0.90874
2.313,-4.6479
6.0838,-9.0499
0.57902,-4.6876
-1.6879,-2.1959
-0.52837,-0.73121
2.933,-0.017841
2.2135,-0.12779
0.45164,-1.4622
0.37799,-3.4843
-3.6257,-1.5898
-11.909,-3.9234
-11.459,-5.3814
2.1836,-3.9593
1.2402,-0.51994
-8.2439,-1.7045
-20.733,-5.6971
-14.233,-4.6575
-3.4305,-1.994
2.5458,-1.1336
-1.3623,1.7818
-11.689,0.0015731
-19.927,-3.2791
-13.956,-1.6435
-2.7338,0.28724
2.6893,-0.75963
2.808,-0.80128
-0.89813,1.8128
-9.9042,0.83406
-14.308,-0.95451
-9.5916,0.79458
-1.2836,1.7095
3.698,0.26358
3.7933,-8.2017
1.7179,-1.2846
-3.8578,1.2957
-14.21,-0.46136
-19.234,-2.9831
-10.415,0.49415
-1.3678,2.0805
4.846,0.65385
3.1744,-4.097
-2.1946,0.12024
-10.7,-0.26515
-15.134,-1.1533
-6.0254,2.4914
1.0553,3.2078
5.5221,1.1613
5.1423,-6.9208
-3.0406,-1.3087
-9.3927,0.016441
-9.388,0.75667
0.19666,3.2777
5.5567,2.3203
6.8628,-0.18974
6.6997,-8.1176
0.22478,-2.235
-4.0652,0.29277
-2.8705,1.7927
2.5138,2.6874
4.3881,1.9762
3.903,0.11808
2.1259,-3.8456
5.8125,-7.6791
0.38699,-3.4849
-2.2825,-0.95543
-0.82336,0.62054
2.711,1.1115
1.9855,0.78333
0.12965,-0.5924
0.18087,-1.8083
-4.046,-0.036868
-12.5,-2.7576
-12.278,-4.4769
2.0791,-2.2656
1.0052,1.2652
-8.783,-0.51383
-21.727,-4.8701
-14.946,-3.8323
-3.5652,-1.0321
