2.9229,7.4383,-0.63484,-1.5949
3.3064,7.3789,-0.43918,-1.4188
3.3606,-2.3126,1.9666,1.2956
1.7526,8.2635,-0.78574,-2.3414
0.024772,-5.4188,4.0466,0.62501
2.3577,8.2492,-0.5449,-2.0832
4.3871,2.7869,-0.12373,0.3727
1.1915,-5.8902,8.5362,1.0496
3.3816,5.6998,-0.8686,-0.87712
1.707,8.0383,-0.91386,-2.2897
1.4948,7.8092,-1.0921,-2.3076
3.666,-2.4662,2.4806,1.4486
1.8879,8.3585,-0.6855,-2.3145
-0.90693,11.575,1.5458,-4.5888
2.7199,7.4672,-0.72942,-1.6878
4.1543,-2.8858,3.7567,1.7211
3.6168,2.7222,-0.70045,0.081597
4.3664,1.1777,0.36401,0.80591
0.82668,-6.0264,8.5447,0.92824
2.4395,8.933,-0.11452,-2.2672
4.0852,6.8936,-0.092243,-0.95292
0.024734,-5.4188,4.0466,0.625
1.9336,8.7108,-0.47137,-2.4074
1.1418,8.2408,-0.99311,-2.5931
2.1009,8.2815,-0.64041,-2.2007
-0.37457,-6.3676,8.5556,0.49833
1.2715,-5.3253,4.973,1.0998
-0.18291,10.185,0.072033,-3.7932
3.2853,8.1188,-0.11695,-1.6589
4.2241,-2.7792,3.6914,1.7241
1.4018,-3.8184,2.1486,0.86171
4.455,2.9764,-0.10224,0.34651
3.3339,6.924,-0.5885,-1.2673
-1.2551,10.729,0.58763,-4.4485
0.48597,-6.1388,7.977,0.83948
2.8169,6.3206,-1.0538,-1.2963
3.1247,6.0095,-0.95952,-1.0754
4.3748,0.38671,0.76704,1.0188
3.7263,3.2711,-0.70941,-0.029022
1.8506,8.401,-0.6772,-2.3436
3.1187,7.4334,-0.52791,-1.5127
-1.3801,8.6237,-1.0593,-3.81
0.53698,9.0774,-0.65623,-3.1187
3.294,6.2578,-0.80449,-1.0807
3.4258,6.4157,-0.68438,-1.0746
-1.9127,8.8231,-0.88658,-4.1108
2.5295,7.2996,-0.8884,-1.715
-1.9127,8.8231,-0.88658,-4.1108
3.1808,5.7198,-0.98404,-0.96545
4.0794,2.6721,-0.35033,0.28204
3.0669,-3.8108,3.7857,1.5097
4.4753,3.8215,-0.18986,0.1147
3.195,6.0432,-0.91204,-1.0566
2.6072,6.1329,-1.2039,-1.3265
3.7555,5.2583,-0.69335,-0.59342
5.1045,0.66748,1.3892,1.2271
3.2793,6.364,-0.78651,-1.1189
4.4266,4.7348,-0.23942,-0.16919
3.0414,-4.1686,4.5032,1.5662
-1.6507,10.886,0.80479,-4.6789
4.9883,-1.135,2.6799,1.6341
2.2747,5.8902,-1.4092,-1.392
1.9302,9.2116,-0.15712,-2.5699
2.1059,-1.7751,0.44958,0.66395
4.7011,3.0153,0.10758,0.43295
4.2249,2.0403,-0.073535,0.51542
3.543,-3.1055,3.2164,1.5431
1.5343,8.4045,-0.78811,-2.4782
1.1658,8.1813,-1.0163,-2.5641
0.39156,8.7496,-0.88437,-3.0761
3.7099,-2.2563,2.2783,1.4172
4.5179,0.24599,0.99358,1.1112
2.3669,8.5416,-0.3828,-2.1721
3.8207,-3.178,3.732,1.6604
1.9179,8.9122,-0.35602,-2.4785
3.4699,3.2042,-0.87411,-0.11409
2.7695,7.3591,-0.74691,-1.6338
1.6769,6.769,-1.4213,-1.9093
1.5284,8.1109,-0.94019,-2.388
4.3688,3.3034,-0.2257,0.21992
2.1633,7.7077,-0.88702,-1.9945
4.9201,2.1377,0.53443,0.76239
3.4263,7.4795,-0.32452,-1.401
1.7946,8.254,-0.77516,-2.3207
3.8321,6.0928,-0.49811,-0.81157
4.659,2.4758,0.18683,0.56691
3.0467,-4.5945,5.7425,1.6299
2.3697,6.994,-1.0717,-1.6874
3.5984,-2.3708,2.2873,1.4009
4.7354,0.29112,1.197,1.1836
1.4719,6.8965,-1.4501,-2.035
4.7091,3.4771,0.045119,0.30563
3.0873,7.3347,-0.58484,-1.4951
1.8012,-5.6257,8.0266,1.2666
4.6358,1.1878,0.61552,0.90885
-1.6107,-6.5534,8.5653,0.0080789
3.5988,0.67947,-0.056827,0.63393
1.3444,-5.8309,8.2169,1.1157
1.5664,9.1977,-0.30217,-2.7186
-2.8645,11.758,2.3258,-5.5421
2.2383,-4.3883,3.8584,1.3091
4.2724,-2.152,2.8536,1.6055
4.4913,-0.10071,1.1888,1.1903
2.6576,-4.2117,4.0271,1.4338
4.3039,0.16633,0.82715,1.0485
4.8302,0.49654,1.1765,1.1667
0.84953,9.2118,-0.50107,-3.028
-1.1935,7.4176,-1.6659,-3.3477
1.4078,8.2863,-0.89112,-2.4944
1.3971,9.2333,-0.33443,-2.8017
3.1407,-3.8169,3.9014,1.5381
2.6624,5.5876,-1.2837,-1.1401
2.0367,8.3747,-0.6179,-2.2571
4.091,6.1413,-0.3019,-0.72161
1.9062,6.8495,-1.3119,-1.8373
2.8117,2.8095,-1.2145,-0.27206
3.5647,6.6547,-0.52946,-1.0906
3.1739,6.4609,-0.82241,-1.1916
4.345,-0.26391,1.1478,1.1753
1.0383,-5.0442,3.992,0.96487
1.7076,9.1249,-0.30031,-2.6354
1.7562,8.8537,-0.45386,-2.5277
-1.9007,10.535,0.48218,-4.6709
1.8794,-4.7892,4.3077,1.245
-1.2986,10.791,0.65615,-4.489
3.3052,6.5974,-0.70726,-1.1792
-2.3698,12.553,3.5653,-5.6173
3.261,-2.6063,2.2045,1.325
4.5945,1.2483,0.54829,0.8765
4.5067,0.52,0.82261,1.0354
2.6489,-4.0403,3.6732,1.398
3.4412,7.5755,-0.27471,-1.4248
3.3711,5.9313,-0.83128,-0.95075
2.3626,5.952,-1.3576,-1.3739
-1.5242,10.309,0.206,-4.4257
2.0315,9.2754,-0.071956,-2.5481
2.5229,8.0018,-0.59072,-1.9365
3.5995,7.2471,-0.30569,-1.2584
2.474,8.8003,-0.18037,-2.2102
-1.3801,8.6237,-1.0593,-3.81
4.8545,-1.0968,2.4508,1.5757
3.1052,-2.4298,1.8448,1.2233
3.839,3.2668,-0.62907,0.017783
3.6766,-3.1274,3.4339,1.5973
1.8296,8.7367,-0.49649,-2.4593
0.36532,-4.2728,2.1594,0.53707
4.4277,0.43258,0.79298,1.0275
4.183,-2.7138,3.5207,1.6957
3.9873,0.78881,0.20578,0.75989
2.7493,7.9055,-0.52356,-1.8124
3.2863,7.4554,-0.42057,-1.4508
-1.1317,12.042,2.2399,-4.8579
4.5093,0.51603,0.82737,1.0374
1.3189,9.2446,-0.35131,-2.8386
2.1432,8.4504,-0.53269,-2.2365
4.0979,-3.0798,4.0057,1.7401
2.3413,-5.0407,5.7987,1.4463
3.2275,-3.2434,3.0292,1.4537
1.7497,-4.4699,3.4861,1.1366
3.5745,3.9484,-0.86604,-0.28437
4.3898,3.7649,-0.2565,0.096862
2.5774,7.4562,-0.80443,-1.7435
0.082517,8.7593,-0.92599,-3.2128
1.316,8.3309,-0.8963,-2.5474
4.7001,1.5806,0.51367,0.82829
3.5344,-2.7825,2.7362,1.4697
1.3875,8.3663,-0.85576,-2.5283
0.77595,6.8984,-1.6428,-2.332
-1.8591,11.857,2.0992,-5.1172
0.16144,6.3862,-1.9167,-2.44
1.0789,-1.0005,-0.62087,0.04124
3.7911,-2.2553,2.3709,1.448
0.78285,-5.9247,9.8783,0.81255
-1.5451,11.599,1.6563,-4.882
3.9296,1.5825,-0.16601,0.52297
3.0668,-3.5817,3.3742,1.4639
-0.85303,8.4497,-1.1703,-3.5222
3.39,5.4108,-0.90881,-0.78759
1.2917,-5.8521,8.4209,1.0884
1.5051,8.5776,-0.70309,-2.5455
2.5348,2.6978,-1.344,-0.35494
1.2451,-5.8654,7.9264,1.0966
-0.82115,10.245,0.10134,-4.0927
3.0234,7.1322,-0.69625,-1.4588
-1.689,12.32,2.8252,-5.2131
-1.1616,11.444,1.3966,-4.6553
2.6445,-4.1208,3.824,1.4119
2.8924,6.2193,-1.0392,-1.2344
3.7038,-2.9239,3.153,1.5643
2.2829,-5.2479,6.6279,1.4391
1.0383,-5.0442,3.992,0.96487
1.7539,8.7339,-0.52643,-2.4904
3.3984,-2.3405,2.0368,1.3168
5.0986,2.9727,0.49782,0.60057
-2.8209,11.479,1.8833,-5.4195
-1.1935,7.4176,-1.6659,-3.3477
3.4405,6.7485,-0.57953,-1.1699
2.373,6.6276,-1.1851,-1.574
3.9373,-2.1567,2.4279,1.4808
4.1448,5.4666,-0.38868,-0.49789
-1.6073,11.46,1.4822,-4.8603
3.5218,-3.3307,3.5547,1.5821
-1.9127,8.8231,-0.88658,-4.1108
1.9843,8.7928,-0.40241,-2.4123
1.9485,7.8693,-0.90256,-2.1351
4.6566,2.1489,0.27571,0.65627
3.7952,5.0626,-0.68717,-0.51948
1.8846,7.8301,-0.94498,-2.1497
2.2986,7.7245,-0.82124,-1.9431
3.9045,-3.1668,3.8437,1.6884
1.9269,8.0378,-0.83211,-2.197
1.3868,8.7721,-0.62907,-2.6577
1.9104,7,-1.261,-1.8817
4.401,-0.050775,1.0613,1.1425
4.3522,0.66898,0.59218,0.93579
4.9021,3.0108,0.29627,0.51317
2.3109,2.9573,-1.4926,-0.52123
4.4987,-1.9498,2.9145,1.6433
-0.063274,8.9824,-0.80784,-3.3475
-1.7681,9.2108,-0.64768,-4.1716
-1.547,12.294,2.7395,-5.1386
3.0877,6.1059,-0.95918,-1.1196
4.0292,-2.8595,3.5166,1.6705
2.1017,8.691,-0.41423,-2.3305
1.8081,3.7996,-1.7768,-0.97243
5.1295,1.989,0.80195,0.88423
1.0789,-1.0005,-0.62087,0.04124
-2.701,9.5241,-0.23173,-4.6937
2.5837,-2.864,1.8646,1.1189
5.0249,1.6071,0.83512,0.94734
1.955,-4.8598,4.5808,1.2851
-2.3822,12.237,2.9249,-5.4988
4.241,-2.0911,2.7346,1.58
2.8115,-4.9458,6.6509,1.5828
3.6731,2.5304,-0.62272,0.15813
3.6416,1.2521,-0.26705,0.49718
-1.779,11.181,1.1664,-4.8391
3.9146,-2.2323,2.4908,1.4896
4.5655,0.56343,0.85787,1.0469
1.4355,8.4052,-0.81998,-2.5203
3.5209,6.4312,-0.62066,-1.0405
1.8091,-5.3312,5.8483,1.294
3.0903,3.3028,-1.1206,-0.29731
3.1622,6.4161,-0.8411,-1.1828
1.8533,8.0116,-0.87286,-2.2197
3.636,-2.3256,2.2761,1.4049
4.3028,-1.9488,2.6436,1.5705
3.6359,-3.3043,3.6741,1.6186
0.97565,-0.12822,-1.1308,-0.23161
1.0683,8.0376,-1.1132,-2.5604
3.4218,-3.429,3.5839,1.5652
0.027992,9.5073,-0.44329,-3.4779
0.94914,8.7845,-0.74533,-2.848
4.5197,3.2077,-0.084951,0.30699
1.648,9.0361,-0.37929,-2.6319
3.8249,-3.3259,4.0079,1.6912
2.8342,-2.8584,2.0856,1.2164
3.6628,5.7261,-0.68588,-0.77023
4.191,0.53313,0.51302,0.90827
4.5595,1.7578,0.31358,0.72507
3.2868,6.7937,-0.65902,-1.2467
4.0751,2.5497,-0.32735,0.31451
1.7194,7.7259,-1.0521,-2.1867
3.3839,6.5004,-0.68714,-1.1174
2.7878,6.5352,-1.0118,-1.3735
3.3187,4.619,-1.0247,-0.58343
0.75383,9.5556,-0.28334,-3.1807
1.729,8.5125,-0.66173,-2.4303
1.0383,-5.0442,3.992,0.96487
4.7929,2.3006,0.36026,0.66795
1.5872,8.6735,-0.62089,-2.5414
2.8478,8.4415,-0.19759,-1.9409
4.778,-0.30689,1.6588,1.3526
3.4691,6.4092,-0.6592,-1.0549
4.5552,0.53038,0.86578,1.0515
3.1474,5.8731,-0.97453,-1.0251
3.8399,-0.024637,0.51402,0.91558
0.85565,-6.0138,8.6253,0.93331
0.81107,7.1892,-1.534,-2.4064
1.8241,8.2931,-0.74399,-2.3207
2.8327,-5.0153,7.2421,1.5826
3.5234,-2.5132,2.3754,1.4049
2.4472,-4.0501,3.4504,1.3234
2.5877,-5.2132,7.9757,1.4955
-1.7681,9.2108,-0.64768,-4.1716
0.97603,-5.9755,8.2446,0.99423
1.01,-5.9627,8.2106,1.0071
0.40943,9.7891,-0.17617,-3.4053
4.0061,1.1715,0.052421,0.66484
3.5361,6.5406,-0.58093,-1.0675
3.4588,3.4293,-0.90634,-0.18266
-2.8202,11.137,1.4239,-5.2971
3.4259,5.6574,-0.84875,-0.84632
3.9754,-2.2984,2.6476,1.5276
4.7638,-0.27284,1.6162,1.3386
2.1927,6.4682,-1.3085,-1.6008
-0.14542,7.0587,-1.7493,-2.7784
1.5846,8.2896,-0.83151,-2.4206
3.9558,-2.2437,2.5554,1.5078
1.8194,7.7765,-0.99348,-2.1604
0.024734,-5.4188,4.0466,0.625
3.7709,6.3915,-0.467,-0.92671
1.8699,8.2156,-0.76639,-2.2769
-1.2838,11.888,2.024,-4.8692
1.3811,9.0182,-0.48004,-2.7391
1.2216,8.9503,-0.57096,-2.785
-0.49354,8.4921,-1.1339,-3.3782
1.0124,-5.9511,8.7684,0.97687
2.1215,8.6559,-0.42632,-2.311
3.1601,6.9252,-0.69061,-1.3389
3.6386,-2.485,2.4721,1.4424
3.5282,-3.583,4.0265,1.6344
4.0212,1.0934,0.097847,0.69191
2.0812,5.1495,-1.6087,-1.2523
1.4725,7.6029,-1.1883,-2.2528
0.024734,-5.4188,4.0466,0.625
4.3311,5.0084,-0.29764,-0.28759
3.3918,6.1492,-0.77136,-1.0079
1.1948,-5.8877,7.9961,1.0775
3.9927,1.9051,-0.22176,0.45993
0.36532,-4.2728,2.1594,0.53707
1.9877,8.2775,-0.68871,-2.2469
1.6147,-5.5141,6.2608,1.2408
1.8736,8.6263,-0.54375,-2.4056
4.7499,0.59666,1.0314,1.1096
5.0075,2.3014,0.57269,0.75144
-0.8794,-6.4658,8.4593,0.30962
1.611,8.2612,-0.83706,-2.4005
3.6355,6.5968,-0.5005,-1.0441
4.0719,2.1222,-0.22244,0.43181
2.9637,1.4593,-0.80108,0.16574
4.7394,-0.60477,1.8501,1.4124
4.4673,0.792,0.63959,0.94832
2.7032,5.5313,-1.2724,-1.1064
4.8312,0.99832,0.90469,1.0352
3.322,-3.9026,4.3588,1.6198
4.6673,3.826,-0.025601,0.18959
4.8739,0.092572,1.4832,1.2877
3.1519,6.0055,-0.94492,-1.063
3.0085,6.5012,-0.90422,-1.2719
3.7501,7.017,-0.28916,-1.1262
-1.8681,11.099,1.0875,-4.8505
4.2117,0.11668,0.76809,1.0253
0.27602,9.6913,-0.27314,-3.4308
3.6077,6.5343,-0.53659,-1.0364
-1.1935,7.4176,-1.6659,-3.3477
4.5933,0.18226,1.112,1.1569
4.1184,0.45962,0.48609,0.89901
4.1024,2.8405,-0.3655,0.24404
-3.5905,9.6754,0.20369,-5.1507
-1.7247,11.409,1.4393,-4.895
0.36532,-4.2728,2.1594,0.53707
0.024734,-5.4188,4.0466,0.625
2.9452,5.6225,-1.1319,-1.0335
1.7129,8.2384,-0.81291,-2.3503
-0.11921,9.7799,-0.25494,-3.6312
2.1421,7.7105,-0.89477,-2.0042
2.5811,7.5155,-0.77862,-1.7604
1.2303,9.2737,-0.3583,-2.8856
-2.3818,11.56,1.8255,-5.2472
2.4759,-4.3264,4.0273,1.3872
4.3191,3.0866,-0.23465,0.26142
4.0462,4.6395,-0.53764,-0.29386
3.713,-0.05789,0.42516,0.87385
4.2807,5.2433,-0.31377,-0.37712
4.8114,1.3422,0.72353,0.93586
3.3435,5.8742,-0.85935,-0.94493
2.9193,7.9892,-0.39344,-1.7684
3.9521,3.13,-0.52796,0.10212
3.3295,0.65256,-0.24423,0.53269
1.3443,8.6611,-0.70699,-2.6403
3.2884,-3.2443,3.1052,1.4769
0.29507,10.112,0.066911,-3.5615
1.9373,7.8142,-0.93183,-2.1225
-0.70986,-5.9082,4.8949,0.40131
0.10315,9.9579,-0.088345,-3.5934
2.3418,6.9085,-1.1126,-1.6728
-2.0459,12.024,2.4187,-5.2636
1.523,8.0057,-0.99261,-2.3572
4.5544,2.4451,0.099779,0.53422
4.1763,-3.2605,4.5067,1.8018
2.7169,8.5076,-0.23011,-2.016
4.3024,0.97456,0.39641,0.83505
1.6922,8.7388,-0.546,-2.5179
0.10078,9.6682,-0.31549,-3.499
2.708,7.7576,-0.61222,-1.7831
-1.9517,11.322,1.3788,-4.9665
4.2259,-2.3238,3.015,1.6268
-1.6106,11.815,1.9758,-4.9895
1.5581,8.911,-0.4891,-2.6297
-0.45107,8.0512,-1.3609,-3.2202
2.5378,7.5253,-0.79542,-1.7814
2.7426,5.8084,-1.2047,-1.1728
1.909,8.5932,-0.54881,-2.3802
-2.8321,11.26,1.5876,-5.3461
1.3087,4.5677,-1.9419,-1.4066
3.6187,2.8002,-0.71338,0.060446
0.79872,6.5538,-1.7432,-2.217
4.9192,0.053722,1.5635,1.3149
3.5079,5.9084,-0.75125,-0.88797
3.747,-3.7948,4.8859,1.7489
1.5305,-5.7425,7.85,1.1903
3.436,6.7372,-0.58582,-1.1683
2.9665,-2.6655,1.9809,1.2239
0.97565,-0.12822,-1.1308,-0.23161
1.0444,8.65,-0.79899,-2.7644
0.38376,9.1173,-0.65847,-3.1975
1.1163,6.7166,-1.6134,-2.1311
4.45,1.0146,0.51514,0.8824
1.8807,7.1904,-1.2057,-1.9527
4.4771,-1.7471,2.6398,1.5888
4.5126,0.14046,1.0535,1.1365
1.9596,8.409,-0.63054,-2.3004
4.5793,-0.93283,1.9393,1.4327
1.4194,7.9515,-1.0515,-2.3842
3.4852,-3.6491,4.0899,1.6315
2.0075,9.1111,-0.19262,-2.5049
4.3133,-1.3415,2.0024,1.4311
1.7206,-4.8209,4.1918,1.1902
1.435,-5.7806,8.8093,1.1112
-1.8988,12.112,2.5202,-5.2297
2.0111,-5.375,6.5382,1.3609
2.243,8.5208,-0.4505,-2.2172
-0.25462,9.8796,-0.18818,-3.723
3.1953,6.1195,-0.8949,-1.0795
1.1557,-5.9067,8.3891,1.0461
-1.3133,11.817,1.9243,-4.8567
-1.7681,9.2108,-0.64768,-4.1716
3.5335,-0.2537,0.39522,0.85321
2.1827,-5.2414,6.3004,1.4096
1.7803,6.8787,-1.3497,-1.8992
3.4761,4.9071,-0.90999,-0.60354
3.3694,7.2417,-0.454,-1.3506
1.4212,8.4439,-0.8038,-2.5386
2.7493,8.436,-0.25316,-1.9798
1.5165,7.8234,-1.0787,-2.3029
0.97565,-0.12822,-1.1308,-0.23161
2.2924,6.5018,-1.2564,-1.5694
3.585,5.3213,-0.79822,-0.68141
4.5897,2.0286,0.25069,0.66295
4.5931,-0.0731,1.2795,1.2225
0.38606,9.5971,-0.32564,-3.3524
1.6979,8.4895,-0.68558,-2.4361
4.4417,2.8295,-0.085903,0.38245
2.8533,5.9442,-1.1209,-1.1677
2.7708,-3.3101,2.6167,1.2929
3.1965,2.7495,-0.97977,-0.097145
4.6799,2.772,0.13645,0.49273
1.8644,8.9997,-0.32199,-2.5291
3.6406,-3.048,3.2575,1.5672
3.4935,-3.7883,4.396,1.6602
3.9341,6.9201,-0.1939,-1.022
1.162,8.5062,-0.84736,-2.6685
1.8511,8.3809,-0.68769,-2.3371
3.0923,5.9733,-0.9854,-1.0778
1.2791,8.8848,-0.59434,-2.7395
3.9634,0.77946,0.19005,0.75292
4.2743,1.6217,0.10604,0.64953
3.9865,-2.7157,3.2319,1.6243
0.97035,8.0568,-1.1296,-2.6083
1.2967,7.9595,-1.0855,-2.4387
2.4706,7.5863,-0.80197,-1.8284
3.7075,6.8761,-0.366,-1.1002
-1.4319,11.412,1.3906,-4.7646
4.7509,0.13432,1.3146,1.23
-3.3446,11.369,1.985,-5.623
2.8842,3.2866,-1.2365,-0.37743
2.3749,7.7479,-0.7767,-1.9186
3.0974,6.5815,-0.83237,-1.2597
1.8563,7.3737,-1.1463,-2.0196
1.0964,8.9677,-0.5954,-2.8439
1.7919,7.321,-1.1905,-2.0304
3.431,5.7224,-0.83432,-0.86368
2.7091,7.3621,-0.7765,-1.6598
1.5492,8.5393,-0.70976,-2.5147
4.6602,-0.31842,1.53,1.3106
0.97565,-0.12822,-1.1308,-0.23161
3.4414,6.3566,-0.69016,-1.0503
-0.50016,-5.8957,4.9893,0.48518
3.683,1.8697,-0.44671,0.34529
3.1188,-4.6785,6.2863,1.6587
2.1758,7.9181,-0.78731,-2.055
-0.034641,9.2588,-0.62431,-3.4243
1.6715,8.2889,-0.80172,-2.3837
4.7841,1.9695,0.45458,0.75537
2.9752,6.7697,-0.84391,-1.3675
3.1032,6.0484,-0.96326,-1.0959
2.6216,7.5436,-0.74728,-1.7524
1.5755,8.9553,-0.45568,-2.6366
3.6082,2.5538,-0.67312,0.1253
2.3813,6.6074,-1.1872,-1.5644
3.3997,-4.0311,4.7987,1.6691
-1.2259,11.681,1.7186,-4.7684
1.2464,9.5054,-0.19108,-2.9542
2.5038,-4.9514,5.8121,1.4912
-1.0631,9.1101,-0.76859,-3.8263
3.1898,-4.0036,4.3665,1.5905
1.6668,-5.686,8.6336,1.1946
1.0789,-1.0005,-0.62087,0.04124
2.165,6.7563,-1.2371,-1.7002
4.5885,3.5908,-0.073792,0.22559
2.9574,1.8259,-0.9162,0.062423
1.1948,-5.8914,8.2026,1.0682
4.3322,0.63519,0.59076,0.93685
3.1465,6.2233,-0.89871,-1.1309
2.0464,7.583,-0.98828,-2.0046
1.9179,8.8296,-0.40671,-2.4519
3.8586,5.2351,-0.62535,-0.54474
4.4229,0.043562,1.0225,1.1267
0.23034,8.8797,-0.83276,-3.1873
4.8893,1.9632,0.56106,0.79814
4.9622,2.1649,0.56836,0.77132
1.2312,9.1932,-0.41205,-2.8592
4.2333,5.7102,-0.28264,-0.53497
4.2452,0.61916,0.51781,0.90688
4.0725,5.5729,-0.42634,-0.55862
-2.4188,12.334,3.1297,-5.5534
4.0927,4.0265,-0.50422,-0.097267
3.6576,-1.9957,1.9311,1.3361
3.3894,6.6224,-0.64907,-1.1523
3.6938,5.7027,-0.66952,-0.75063
0.19165,8.754,-0.91389,-3.1638
2.2017,-1.4349,0.24486,0.61766
2.4267,-2.7979,1.6562,1.0412
2.2876,4.4942,-1.5713,-0.97331
1.3798,8.2732,-0.9066,-2.5021
1.6601,7.6945,-1.0866,-2.202
2.3801,7.8801,-0.71482,-1.9578
4.6153,0.90093,0.73085,0.97723
-2.1136,11.659,1.8782,-5.1605
4.221,5.4663,-0.331,-0.46718
1.7023,8.7992,-0.50647,-2.533
4.6182,1.3248,0.53827,0.86523
1.3263,7.245,-1.3748,-2.2039
3.5304,7.046,-0.42432,-1.2245
1.4321,-5.7841,8.76,1.1134
4.7738,-0.78161,2.0453,1.4691
2.058,-5.4572,7.3227,1.366
2.5053,-3.7662,3.0288,1.2877
4.045,1.535,-0.056074,0.58199
4.8915,-0.24866,1.7511,1.381
4.4498,4.1869,-0.22768,-0.00060565
1.4119,9.2839,-0.2954,-2.8119
-2.1064,11.056,1.0918,-4.9429
4.4527,1.0922,0.48206,0.86273
2.9516,-3.8303,3.6668,1.4706
1.6892,7.7764,-1.0407,-2.2152
3.1309,-3.8264,3.9061,1.5363
2.6266,6.9499,-0.96591,-1.567
4.6069,0.041477,1.2174,1.1984
4.3049,0.85459,0.45529,0.86799
2.4474,7.8277,-0.70766,-1.9134
1.6733,8.5684,-0.65065,-2.4716
2.388,-4.224,3.7085,1.3348
2.408,-5.1141,6.2801,1.4728
3.277,3.6407,-1.0382,-0.31732
1.8795,8.245,-0.74778,-2.2821
4.3368,0.33703,0.7585,1.0169
3.1823,-3.7371,3.8071,1.538
4.3233,-2.6172,3.5895,1.7259
1.6879,9.1553,-0.28739,-2.6536
1.8317,-5.5457,7.1066,1.303
-2.8689,11.642,2.1461,-5.5012
1.949,9.0801,-0.23678,-2.5195
4.8023,-1.3187,2.6099,1.6091
1.9779,8.38,-0.63877,-2.2835
2.8181,7.6993,-0.58114,-1.7194
3.3238,7.2239,-0.48848,-1.3637
4.9332,3.1905,0.29423,0.47482
1.0107,-5.9613,8.4585,0.99462
4.2143,0.78962,0.40413,0.84957
1.445,-4.9563,4.1987,1.1079
2.6054,8.5853,-0.2429,-2.0869
2.0803,7.7232,-0.91484,-2.0341
1.4796,8.1035,-0.95979,-2.4064
2.7573,8.0757,-0.43749,-1.8625
-0.024452,9.6318,-0.35792,-3.5414
2.8203,-3.9159,3.6557,1.4382
3.7387,-3.0562,3.4065,1.6053
1.3819,8.0251,-1.0286,-2.4232
3.3478,7.4365,-0.39084,-1.4197
-2.6671,10.944,1.1304,-5.159
4.4196,0.19081,0.92706,1.0873
1.4261,-5.7952,8.4889,1.1276
1.6554,7.0933,-1.3222,-2.0178
2.9739,-4.1018,4.2451,1.5301
1.9664,8.9237,-0.32949,-2.4618
1.3171,7.8244,-1.1411,-2.3878
-0.25053,7.4445,-1.6144,-2.9433
1.2648,8.0091,-1.0716,-2.4678
4.0549,-2.4842,2.9964,1.599
0.79209,-6.0265,8.8519,0.89766
4.3321,0.65416,0.58082,0.93181
-3.6913,-5.0693,2.8802,-1.0522
4.5271,3.4324,-0.1091,0.24626
2.6662,7.3985,-0.78374,-1.6888
2.1192,5.2732,-1.5776,-1.273
2.5074,8.5111,-0.33345,-2.104
1.2959,8.2863,-0.92544,-2.5419
3.4154,-2.5558,2.308,1.3731
3.2814,6.4668,-0.75803,-1.1492
4.1579,2.0642,-0.13617,0.48212
1.2106,9.2867,-0.35521,-2.8982
4.3788,2.6319,-0.097839,0.41272
-2.701,9.5241,-0.23173,-4.6937
1.3036,7.9702,-1.0784,-2.4392
-2.0633,11.32,1.4044,-5.0162
2.5844,8.4485,-0.33051,-2.0521
4.4589,3.2111,-0.13733,0.28191
2.7938,5.2299,-1.268,-0.97932
-0.28319,10.893,0.74225,-4.0762
1.7874,7.949,-0.92697,-2.2278
2.4211,-4.2794,3.8594,1.3579
4.7719,0.75737,0.9664,1.0759
3.4978,6.5377,-0.60604,-1.0823
-1.3801,8.6237,-1.0593,-3.81
3.5409,6.4507,-0.60271,-1.0382
-0.25052,7.4445,-1.6144,-2.9433
2.5514,3.0002,-1.38,-0.43353
0.99043,9.0915,-0.54495,-2.9289
2.8046,-3.9396,3.6799,1.437
4.7707,0.33843,1.2065,1.1849
4.4021,-0.11384,1.1042,1.1591
3.6734,6.477,-0.50942,-0.99228
3.4499,6.9811,-0.49788,-1.2374
3.612,-2.5738,2.5532,1.4525
3.2968,5.9028,-0.88166,-0.97263
4.2181,-1.6563,2.2075,1.4702
4.2867,0.26694,0.75074,1.0156
2.4301,-4.3818,4.0859,1.3802
3.8756,3.1147,-0.58205,0.075621
4.4639,-1.001,1.8622,1.4056
3.4551,-3.7749,4.3019,1.6441
3.87,-1.8805,2.0402,1.3906
4.7651,4.8714,0.055596,-0.074714
1.9172,-3.3017,1.8505,0.95345
1.5028,-5.7632,8.1585,1.1687
3.4289,6.4961,-0.66071,-1.0978
3.398,6.5939,-0.65211,-1.1402
3.409,-2.7481,2.5437,1.4142
3.7162,-0.13729,0.47583,0.89577
2.8595,6.2947,-1.0381,-1.2708
4.5139,0.3268,0.94087,1.0886
2.1034,7.5364,-0.98425,-1.9662
2.9472,-2.7225,2.0296,1.2295
3.4668,6.0751,-0.74186,-0.9549
0.61776,9.7119,-0.19609,-3.2903
4.7162,2.3069,0.28543,0.63612
2.3563,6.2465,-1.2941,-1.4653
1.4188,-5.7925,7.8972,1.1533
0.81318,9.2901,-0.45693,-3.0689
2.8109,-4.7718,5.836,1.573
3.8193,-2.6724,2.942,1.5528
3.1715,-4.5584,5.9248,1.6652
4.4535,2.6717,-0.04273,0.43126
1.2654,9.1828,-0.40887,-2.8413
-0.7423,11.069,0.92389,-4.3384
-0.25052,7.4445,-1.6144,-2.9433
0.13347,-6.2459,8.3877,0.69493
3.4501,2.3461,-0.73555,0.11914
3.801,-2.2511,2.3775,1.4508
1.2244,7.247,-1.4042,-2.2478
2.1175,7.5294,-0.98126,-1.9581
3.2423,-2.9845,2.6717,1.403
4.446,3.6348,-0.19918,0.15644
3.4464,6.0231,-0.7659,-0.94758
4.3994,-2.272,3.1955,1.679
2.2148,-5.3666,7.2288,1.4134
1.0789,-1.0005,-0.62085,0.041249
4.788,0.18975,1.32,1.2299
2.8751,-3.8091,3.5294,1.4377
0.36528,-4.2728,2.1594,0.53705
2.5072,-3.3537,2.4173,1.1996
-1.8974,12.091,2.4833,-5.221
1.7456,7.9094,-0.96057,-2.233
0.99528,6.0344,-1.8262,-1.9757
1.0839,7.2074,-1.4582,-2.2954
-0.9172,8.6404,-1.0626,-3.6111
3.6952,0.66362,0.025796,0.6768
1.3147,6.4942,-1.6202,-1.979
4.4316,2.6778,-0.062985,0.42084
2.1455,-4.8696,4.8821,1.3566
3.1392,-3.5335,3.3845,1.4812
3.8327,-3.2046,3.7976,1.6701
-2.133,11.707,1.9543,-5.1868
3.2562,7.0618,-0.58788,-1.3414
2.2184,6.1635,-1.3743,-1.4979
0.35558,7.7376,-1.4076,-2.7721
3.0262,6.1597,-0.98107,-1.1612
2.5612,-3.2663,2.3496,1.2014
4.3104,5.1084,-0.30488,-0.32536
1.0789,-1.0005,-0.62087,0.04124
1.8193,9.2064,-0.20426,-2.6148
1.564,8.4633,-0.74651,-2.4843
2.0301,-1.1708,-0.046448,0.48019
0.15614,9.7437,-0.25066,-3.4998
1.2428,8.2281,-0.97082,-2.5461
3.6899,6.328,-0.53798,-0.94034
3.3041,-4.1916,5.036,1.6617
1.7615,8.7572,-0.50992,-2.4946
3.4821,5.6126,-0.82131,-0.81001
2.5797,8.6885,-0.19554,-2.1305
3.5674,-3.5552,4.034,1.6432
3.6309,4.4213,-0.83354,-0.39839
3.3933,6.403,-0.7077,-1.084
3.7311,-2.5561,2.6734,1.4937
4.3544,1.0194,0.42348,0.84354
3.3452,-3.6536,3.8839,1.5816
4.1665,3.9131,-0.44313,-0.035008
3.8456,3.3395,-0.63315,-0.00020081
4.4789,0.46275,0.82685,1.0395
1.3568,-5.8256,8.3882,1.111
3.8835,6.3968,-0.38783,-0.88268
1.9586,8.717,-0.45776,-2.3988
4.3779,2.9872,-0.16925,0.31284
2.7578,7.3603,-0.75243,-1.639
0.36532,-4.2728,2.1594,0.53707
2.8579,7.5413,-0.62754,-1.6537
3.7014,5.0747,-0.74946,-0.56114
3.964,-3.3421,4.2785,1.7435
4.5893,0.64455,0.83763,1.0348
0.62174,-5.8885,6.1654,0.91751
3.3157,7.2231,-0.49365,-1.3668
2.2149,7.703,-0.86709,-1.9714
3.2927,7.4068,-0.43635,-1.4331
2.8684,-3.3579,2.789,1.341
0.0894,9.9052,-0.13265,-3.5819
-2.701,9.5241,-0.23173,-4.6937
0.97567,-0.12824,-1.1308,-0.2316
-0.40534,-5.2138,3.3627,0.41071
1.6784,8.6787,-0.58603,-2.5045
1.4127,8.7983,-0.6053,-2.6551
-2.2764,11.525,1.7405,-5.1864
3.375,-2.7824,2.55,1.4089
4.2025,1.5416,0.073341,0.64282
3.8323,6.222,-0.46787,-0.85051
-0.9194,10.597,0.43322,-4.2548
3.1789,6.7275,-0.74277,-1.2707
1.3371,8.9905,-0.51125,-2.7489
1.1252,-5.9178,8.1271,1.049
-2.8732,11.549,2.0088,-5.4692
3.2635,-2.9883,2.7011,1.412
1.2067,9.2984,-0.34839,-2.9037
4.6336,1.6833,0.41041,0.77443
3.5393,7.4159,-0.27841,-1.3352
3.0649,2.1008,-0.92375,0.03032
3.7985,6.8785,-0.30323,-1.0641
1.2485,7.5311,-1.2868,-2.3255
3.4092,-4.0691,4.9146,1.6785
3.8193,-3.0281,3.4769,1.629
3.5671,-3.9381,4.8871,1.7114
1.9808,8.5589,-0.53976,-2.3391
1.3711,6.5258,-1.5941,-1.9646
2.7688,-4.9691,6.6342,1.5716
4.8501,-1.7972,3.251,1.7367
4.5317,2.0523,0.19021,0.63362
1.9404,8.679,-0.48725,-2.3943
4.3598,2.794,-0.14815,0.35986
4.1704,1.6857,-0.0052386,0.59088
0.047127,10.004,-0.057697,-3.6329
3.9798,-0.093878,0.68116,0.98882
3.2901,3.2848,-0.99809,-0.21036
-1.3053,3.2263,-2.3891,-2.1447
0.88966,-0.72295,-0.8561,-0.1107
-1.3938,-6.5314,7.8797,0.13149
-3.1218,-5.6485,12.514,-1.1172
-2.7803,-6.4797,9.7002,-0.58469
-1.1881,-2.1313,-0.47069,-0.63537
-1.7638,2.7618,-2.3575,-2.2132
-1.2192,3.4074,-2.394,-2.1592
0.7814,-0.37765,-1.0776,-0.24736
-0.96854,-6.2306,5.9212,0.32954
-2.4867,-6.5515,9.1417,-0.40669
-1.3594,-6.1553,5.3912,0.16239
-0.0011133,-0.77093,-1.1046,-0.4761
-0.92119,3.2654,-2.3728,-1.988
-6.6677,7.07,0.31464,-5.7539
-1.9304,2.6118,-2.3377,-2.244
0.090243,-3.5337,1.1021,0.25474
-1.9296,-6.5611,8.8694,-0.14519
-3.3987,-6.074,11.289,-1.0541
-1.8274,-6.2576,5.6235,-0.025412
0.20466,-0.91923,-0.96859,-0.3494
-0.60677,3.9157,-2.3589,-2.039
-4.1417,5.3306,-1.7888,-4.0328
-1.1064,-1.8879,-0.63269,-0.6619
-2.1833,-6.4826,6.7081,-0.17112
-2.9419,-6.5502,8.9306,-0.59666
-0.29535,-4.3898,2.0333,0.28677
1.0241,1.2839,-1.6541,-0.59366
-0.14594,4.3074,-2.2911,-1.9534
-5.1778,7.8489,-0.31731,-5.2928
-2.2056,-1.9857,-0.62496,-1.1174
-1.8489,-6.2591,5.6239,-0.034493
-1.6023,-5.9962,4.7796,0.040115
0.77371,0.41334,-1.4351,-0.46225
0.58164,4.4036,-2.1499,-1.6683
-0.86659,5.375,-2.2461,-2.5823
-5.2159,8.7032,0.29398,-5.5881
-2.8509,1.9237,-2.1633,-2.4581
-1.4956,-2.7968,0.021639,-0.60228
-0.68943,-2.2244,-0.32279,-0.39645
0.54806,2.0117,-1.9761,-0.998
0.41386,3.4798,-2.1899,-1.4722
-0.78079,3.3879,-2.3676,-1.962
-4.1269,3.361,-2.003,-3.4442
-5.3785,8.1237,-0.016106,-5.4759
-4.1162,2.4475,-1.9601,-3.1767
-2.5392,-1.3951,-0.98452,-1.4174
-1.3898,-0.41278,-1.4972,-1.1711
-0.49987,2.4229,-2.2496,-1.5645
-0.70855,1.8601,-2.1777,-1.4966
-1.8487,0.43194,-1.851,-1.6002
-2.1581,0.98906,-2.0178,-1.8895
-0.56241,-3.6421,1.0099,0.0037676
-3.1393,-6.2812,10.629,-0.84679
-4.4964,-5.9675,10.905,-1.5485
-2.1588,3.4545,-2.3765,-2.587
0.45659,1.2893,-1.824,-0.8363
-1.3834,-6.3907,6.4647,0.16626
-3.4725,-5.1757,13.351,-1.4506
-3.6941,-5.9126,11.644,-1.2486
-2.3872,-2.9375,0.11674,-0.95841
-2.0852,3.2156,-2.3746,-2.4854
-0.020348,-0.83895,-1.0725,-0.46643
-1.9574,-6.5568,7.5037,-0.090144
-3.3689,-5.7435,12.221,-1.1836
-3.0453,-6.4484,9.8006,-0.71536
-1.6408,-1.9209,-0.65905,-0.88606
-2.2967,3.1273,-2.355,-2.5538
-1.8786,3.5624,-2.3941,-2.4942
-0.085996,-0.63085,-1.1988,-0.54934
-1.623,-6.2897,5.8253,0.06366
-2.8769,-6.5541,8.9314,-0.56702
-1.6158,-6.1335,5.2184,0.051954
-0.33801,-0.71579,-1.2097,-0.63499
-1.4338,3.3866,-2.398,-2.2473
-6.876,7.0549,0.49366,-5.8501
-2.4986,3.1252,-2.3352,-2.643
-0.70554,-3.9747,1.3573,0.019868
-2.4429,-6.5499,9.165,-0.38905
-3.7059,-6.0833,11.103,-1.1772
-2.0142,-6.2163,5.4227,-0.10948
0.0053047,-0.8179,-1.0776,-0.461
-1.0207,4.1083,-2.384,-2.2757
-4.5641,5.3161,-1.634,-4.2221
-1.719,-1.7318,-0.78867,-0.96879
-2.5761,-6.5134,6.937,-0.34642
-3.2004,-6.5527,8.4184,-0.68396
-0.40846,-4.216,1.7536,0.20065
0.83853,1.1856,-1.6844,-0.64523
-0.60884,4.4576,-2.3369,-2.1982
-5.6338,7.5616,-0.19768,-5.416
-2.9,-2.1032,-0.49735,-1.3951
-2.1995,-6.3521,5.9651,-0.17881
-1.8869,-6.0895,5.0042,-0.069279
0.55065,0.46085,-1.5218,-0.56979
0.30439,4.4537,-2.2063,-1.802
-1.3029,5.5376,-2.2273,-2.8223
-5.485,8.6889,0.47142,-5.7112
-3.1552,1.8611,-2.1055,-2.5766
-1.9161,-2.6886,-0.095022,-0.81276
-1.0457,-1.8922,-0.62177,-0.63451
0.1734,2.0084,-2.0639,-1.1574
0.18644,3.6035,-2.2415,-1.6055
-1.2101,3.5152,-2.3966,-2.1863
-4.7132,3.5321,-1.796,-3.7621
-5.6821,8.2014,0.24856,-5.6453
-4.3254,2.6163,-1.9099,-3.3202
-2.9074,-1.1492,-1.0886,-1.6454
-1.6719,0.050549,-1.7075,-1.419
-0.66592,2.5213,-2.2827,-1.6644
-0.81029,1.9053,-2.1974,-1.5535
-1.9744,0.92775,-2.0068,-1.7915
-2.9132,1.5455,-2.0832,-2.3797
-1.3389,-3.0662,0.27747,-0.46804
-3.6527,-6.2969,10.264,-1.0497
-4.9657,-5.9437,10.453,-1.7391
-3.0569,3.7164,-2.2612,-3.0637
-0.44538,1.2379,-1.9955,-1.2095
-2.2638,-6.4316,6.3724,-0.20447
-3.6969,-5.2141,13.207,-1.5309
-4.0389,-5.9311,11.391,-1.3822
-2.7665,-2.5915,-0.14664,-1.2124
-0.82328,2.8277,-2.3329,-1.8199
0.79121,-2.2293,0.13238,0.23334
-1.3893,-6.5165,8.9116,0.077375
-2.61,-5.7296,12.422,-0.86394
-1.6836,-6.5476,8.8394,-0.039449
0.013595,-1.2645,-0.81736,-0.34087
-1.6317,3.2611,-2.3932,-2.2982
-0.74767,2.981,-2.3399,-1.8308
0.78323,-1.6056,-0.34391,0.072832
-0.93987,-6.3597,6.6527,0.3429
-1.936,-6.5496,9.0468,-0.16028
-0.17579,-5.6254,4.428,0.57761
0.70106,0.029977,-1.2973,-0.38992
-0.87206,3.5368,-2.3793,-2.0448
-5.9506,7.1002,-0.23429,-5.4197
-1.3403,1.7705,-2.2076,-1.747
0.090631,-4.67,2.6286,0.50792
-2.0826,-6.5306,9.3262,-0.24425
-3.1889,-6.2521,10.73,-0.8821
-0.81747,-5.75,4.3866,0.33361
0.90305,0.36168,-1.3717,-0.39356
-0.41239,4.1747,-2.3316,-2.03
-3.5793,4.3782,-2.107,-3.4932
-0.9407,-3.2093,0.4747,-0.26129
-2.2486,-6.5465,7.251,-0.20854
-2.3698,-6.5854,7.866,-0.28143
0.81169,-3.689,1.6151,0.59138
1.6806,2.0215,-1.6036,-0.52142
-0.006127,4.461,-2.2612,-1.9379
-5.054,6.9222,-0.87315,-4.9417
-2.2248,-3.6493,0.79647,-0.71456
-1.702,-6.3537,6.0952,0.033957
-0.6236,-5.2637,3.3649,0.32907
1.6431,0.89825,-1.2933,-0.22764
1.004,4.7124,-2.0228,-1.5785
-0.6612,5.294,-2.2465,-2.4684
-5.4098,8.1852,0.046354,-5.5107
-2.441,0.54284,-1.8654,-1.8921
-0.88198,-3.3502,0.62549,-0.20216
0.5669,-0.94808,-0.8413,-0.1881
1.3685,2.2917,-1.7782,-0.72831
1.0058,3.8299,-2.0498,-1.3204
-0.66405,3.5019,-2.361,-1.9441
-4.2293,4.1881,-1.9335,-3.7327
-5.6261,7.6812,-0.13189,-5.4507
-3.6781,1.5729,-1.9455,-2.731
-1.6819,-1.4409,-0.96903,-1.0278
-0.27668,0.71708,-1.8086,-0.99361
0.34386,2.3637,-2.0902,-1.1842
0.089714,1.713,-2.0185,-1.1108
-1.2025,0.37483,-1.8074,-1.3016
-1.609,0.3941,-1.8349,-1.4846
-0.63667,-5.1463,3.1328,0.30092
-2.8252,-6.108,11.361,-0.79557
-4.0334,-6.0594,10.971,-1.3215
-1.5706,3.4818,-2.4007,-2.335
0.65688,0.20904,-1.3886,-0.45671
-1.4926,-6.5284,8.8874,0.036611
-2.9254,-5.2495,13.352,-1.1886
-2.78,-6.2002,11.054,-0.73355
-0.95943,-2.2615,-0.34209,-0.50348
-1.7939,3.393,-2.3943,-2.4077
0.44662,-0.44239,-1.1527,-0.37206
-1.2688,-6.4682,7.1508,0.20468
-2.8808,-5.8991,11.96,-0.91068
-2.4534,-6.4522,9.948,-0.46134
-0.837,-2.5033,-0.13181,-0.39003
-1.6053,2.7108,-2.3543,-2.1289
-1.6801,3.5128,-2.3997,-2.3921
0.33486,-0.15912,-1.3212,-0.49493
-0.89552,-6.1427,5.5969,0.35245
-2.246,-6.5721,8.8526,-0.28034
-0.92532,-6.1028,5.4237,0.33645
0.20796,-1.0506,-0.89215,-0.31369
-0.81279,3.3312,-2.3678,-1.9596
-7.1457,6.9094,0.66769,-5.9353
-2.4992,3.3333,-2.3425,-2.7032
-0.36045,-3.1294,0.53295,-0.032194
-1.9473,-6.5733,8.6312,-0.13752
-3.3405,-6.0998,11.228,-1.0179
-1.4312,-6.2735,5.8361,0.14279
0.5448,-1.4336,-0.54821,-0.071695
-0.50523,4.037,-2.3463,-2.0302
-4.6637,5.6898,-1.4999,-4.3811
-1.5446,-1.2951,-1.0484,-1.0057
-2.1943,-6.3696,6.0501,-0.17572
-2.7971,-6.579,8.4727,-0.50167
0.19764,-4.085,1.8187,0.42596
1.3614,1.1176,-1.482,-0.40571
-0.060434,4.3641,-2.2754,-1.933
-5.7507,7.9483,0.12481,-5.5958
-2.9339,-1.9255,-0.61511,-1.4557
-1.8357,-6.1993,5.395,-0.034536
-1.3699,-6.0329,4.9673,0.14351
1.0733,0.17574,-1.2333,-0.2717
0.73174,4.3415,-2.1167,-1.586
-0.96791,5.6308,-2.2035,-2.7031
-5.596,8.691,0.55588,-5.7649
-3.2784,2.1267,-2.1251,-2.7068
-1.4882,-2.6799,-0.076136,-0.62803
-0.54525,-1.9474,-0.49753,-0.40462
0.71874,1.9695,-1.9213,-0.91343
0.52255,3.5301,-2.1673,-1.4401
-0.94145,3.4567,-2.3819,-2.0519
-4.0897,3.2047,-2.0129,-3.382
-5.6973,8.0569,0.15912,-5.6056
-4.3416,2.5557,-1.8996,-3.3102
-2.4018,-0.97181,-1.2277,-1.4675
-1.1626,-0.20777,-1.5717,-1.1269
-0.38306,2.3308,-2.22,-1.4879
-0.63216,1.5151,-2.0926,-1.3672
-1.774,0.52072,-1.8813,-1.5916
-2.2326,1.6118,-2.1656,-2.0955
-0.72455,-3.0161,0.33533,-0.21527
-3.0967,-6.3188,10.481,-0.80966
-4.4129,-5.8932,11.232,-1.5497
-2.428,3.4185,-2.3519,-2.6961
0.16568,1.3308,-1.9061,-0.97217
-1.4437,-6.285,5.8817,0.1383
-3.2457,-5.3478,13.101,-1.2884
-3.3467,-6.0075,11.519,-1.0621
-1.9076,-3.2131,0.36753,-0.68011
-0.80422,2.6149,-2.3082,-1.7511
0.54743,-2.3602,0.1423,0.16359
-1.6876,-6.5414,8.9467,-0.048394
-2.8585,-5.8263,12.152,-0.93166
-2.119,-6.5831,8.5328,-0.20527
-0.6632,-1.2581,-0.96876,-0.63281
-2.232,3.2637,-2.366,-2.5643
-0.66101,2.9592,-2.3296,-1.7869
0.71531,-2.0075,-0.075297,0.14605
-1.0937,-6.4234,6.9559,0.2785
-2.0538,-6.5504,9.0989,-0.21446
-0.46357,-5.6737,4.3736,0.46775
0.31121,-0.14,-1.3365,-0.51011
-1.3437,3.7146,-2.4019,-2.3026
-5.5798,7.1888,-0.43783,-5.2721
-1.062,1.7171,-2.1808,-1.6104
0.061292,-4.8686,2.9506,0.53647
-2.162,-6.4887,9.6956,-0.30992
-3.0907,-6.2722,10.686,-0.83089
-0.94737,-5.8447,4.5831,0.29408
0.5879,0.0089853,-1.3235,-0.43229
-0.92049,4.2455,-2.3727,-2.272
-3.2496,4.148,-2.2034,-3.2766
-0.58245,-3.5564,0.9107,-0.024916
-2.1206,-6.5783,7.7833,-0.16972
-2.2354,-6.5851,7.8985,-0.22404
0.54594,-3.5868,1.3574,0.45778
1.2937,2.0719,-1.761,-0.6983
-0.43508,4.5365,-2.3138,-2.1459
-4.8948,6.5381,-1.1151,-4.7481
-1.6333,-3.4916,0.65867,-0.49325
-1.5069,-6.4418,6.7141,0.11424
-0.52639,-5.5696,4.078,0.42479
1.1881,1.0644,-1.529,-0.46414
0.52779,4.8873,-2.1252,-1.8336
-1.1456,5.3559,-2.259,-2.6988
-5.0112,8.018,-0.31178,-5.2689
-2.0898,0.24745,-1.7812,-1.6562
-0.83901,-3.408,0.69324,-0.1699
0.31686,-1.1648,-0.79208,-0.23768
0.88329,2.2529,-1.9296,-0.92285
0.46019,3.8258,-2.189,-1.5522
-1.2142,3.382,-2.393,-2.1497
-4.5252,4.1758,-1.8296,-3.8644
-5.3807,7.4504,-0.42351,-5.2611
-3.3223,1.2474,-1.9492,-2.4799
-1.7347,-1.6006,-0.87299,-1.0095
-0.45606,0.53178,-1.7752,-1.0204
-0.080587,2.5196,-2.1995,-1.4106
-0.39083,1.5971,-2.0784,-1.2855
-1.7638,0.51858,-1.8805,-1.5865
-1.83,0.38036,-1.8329,-1.5779
-1.0423,-4.9463,2.6451,0.088974
-3.1283,-6.1001,11.306,-0.92841
-4.5988,-6.0358,10.531,-1.555
-1.8683,3.2678,-2.3876,-2.4045
0.36523,0.03549,-1.3999,-0.53407
-1.9107,-6.5526,8.9874,-0.14529
-3.1992,-5.2734,13.251,-1.297
-3.3644,-6.3032,10.423,-0.92906
-1.6908,-1.9688,-0.62881,-0.89565
-0.60467,2.784,-2.3069,-1.7124
1.0475,-1.9728,0.038255,0.27637
-1.3203,-6.5192,8.7126,0.1185
-2.6518,-5.712,12.458,-0.88924
-1.8665,-6.567,8.6872,-0.1066
-0.11281,-1.3763,-0.78053,-0.36587
-1.6575,3.2713,-2.3933,-2.3125
-0.55609,2.9951,-2.3212,-1.7516
1.0299,-1.6725,-0.19533,0.19326
-0.71858,-6.3562,6.9064,0.42649
-1.7399,-6.5309,9.1382,-0.084042
-0.008379,-5.7031,4.7675,0.65674
0.82993,-0.38741,-1.0559,-0.22428
-0.81949,3.5925,-2.3766,-2.0379
-5.8313,7.1399,-0.29665,-5.3756
-1.195,1.9111,-2.2282,-1.7228
0.12993,-5.0614,3.3473,0.6027
-1.8503,-6.5037,9.4817,-0.15774
-2.8083,-6.2075,11.022,-0.74226
-0.48574,-5.8787,4.9452,0.48879
1.0863,-0.15723,-1.0759,-0.1773
-0.4533,4.246,-2.3334,-2.0686
-3.5664,4.4995,-2.0973,-3.5232
-0.81898,-3.4713,0.76313,-0.14623
-1.9605,-6.5794,8.0298,-0.11138
-2.0673,-6.5855,8.171,-0.16364
1.0043,-3.7434,1.7926,0.68296
1.729,1.935,-1.5639,-0.47699
-0.036173,4.3624,-2.2717,-1.922
-5.3395,6.7995,-0.77019,-5.0369
-1.9209,-4.3137,1.58,-0.42753
-1.4273,-6.4378,6.7437,0.14661
-0.53151,-5.5204,3.9588,0.41424
1.5983,0.65413,-1.2214,-0.18013
0.92558,4.6648,-2.0478,-1.5979
-0.78166,5.3598,-2.244,-2.5406
-5.4883,8.0493,0.0077761,-5.5039
-2.5929,0.51681,-1.8441,-1.9525
-1.0653,-3.3348,0.57536,-0.28472
0.18274,-1.2603,-0.77326,-0.2699
1.1459,2.1228,-1.8221,-0.77502
0.82692,3.7221,-2.0974,-1.3654
-0.78163,3.3377,-2.3655,-1.9479
-4.4828,3.9315,-1.8648,-3.7732
-5.6849,7.623,-0.12667,-5.4599
-3.8526,1.6962,-1.9263,-2.8445
-2.1408,-1.3911,-1.0043,-1.2423
-0.74204,0.5625,-1.8274,-1.1525
-0.11741,2.3882,-2.1868,-1.3893
-0.28085,1.6536,-2.074,-1.2538
-1.6205,0.23907,-1.7788,-1.4475
-1.6907,0.81426,-1.9749,-1.6354
-0.71425,-4.6332,2.2446,0.16252
-2.9457,-6.0966,11.37,-0.85238
-4.2168,-6.0302,10.93,-1.4086
-1.5305,3.4797,-2.4008,-2.3167
0.70659,0.29951,-1.4106,-0.45998
-1.622,-6.557,8.4618,0.0093462
-3.1306,-5.2754,13.264,-1.2669
-3.1071,-6.1639,11.096,-0.89004
-1.3433,-2.2965,-0.36565,-0.66097
-2.2986,3.3635,-2.3633,-2.6227
0.023458,-0.85983,-1.0501,-0.44224
-1.9025,-6.5744,7.9359,-0.082605
-3.1374,-5.6722,12.457,-1.1143
-2.644,-6.4547,9.9052,-0.54227
-0.81135,-2.2754,-0.30665,-0.43609
-1.7583,2.8307,-2.3637,-2.2305
-2.1048,3.6351,-2.3816,-2.6154
-0.056692,-0.23403,-1.3855,-0.64219
-1.5305,-6.2923,5.8749,0.10263
-2.4881,-6.52,9.4557,-0.4322
-1.2808,-6.2521,5.8189,0.20358
0.27098,-0.88005,-0.97179,-0.33143
-1.0332,3.2222,-2.3776,-2.0245
-7.2155,7.2228,0.93381,-6.0702
-2.7835,2.679,-2.27,-2.6421
-0.76199,-3.721,1.0468,-0.062971
-2.4711,-6.5592,9.0494,-0.39297
-3.5068,-6.0942,11.172,-1.0899
-1.7039,-6.326,5.96,0.031854
0.3245,-1.1629,-0.79092,-0.23493
-0.70145,3.8594,-2.3682,-2.0638
-5.0393,5.1861,-1.4555,-4.4024
-2.0984,-2.5436,-0.21494,-0.929
-2.5932,-6.5211,7.0059,-0.3552
-3.0614,-6.5459,8.868,-0.64735
-0.15042,-4.4563,2.1871,0.36207
1.098,0.93934,-1.5195,-0.46798
-0.28689,4.3257,-2.3095,-2.0197
-5.9493,7.7516,0.14358,-5.6271
-3.4149,-2.6789,0.014855,-1.4803
-2.4233,-6.3396,5.8962,-0.2774
-1.9744,-6.0604,4.8973,-0.11081
0.8527,0.17943,-1.3127,-0.36581
0.6876,4.168,-2.1333,-1.5542
-0.95903,5.3825,-2.249,-2.6249
-5.9557,8.7722,0.91516,-5.9646
-3.6884,1.4162,-1.9104,-2.6919
-1.6857,-3.4627,0.62481,-0.52301
-0.66637,-2.4156,-0.16943,-0.33854
0.69077,1.8201,-1.8963,-0.88367
0.47282,3.5593,-2.1799,-1.4698
-0.90765,3.54,-2.3819,-2.0612
-4.4765,3.6225,-1.8822,-3.6799
-6.0384,8.2903,0.59132,-5.845
-4.8473,2.1742,-1.6774,-3.4331
-2.7129,-1.6442,-0.82009,-1.4298
-1.3839,-0.59582,-1.4105,-1.1197
-0.41423,2.3985,-2.2346,-1.5205
-0.78599,1.9764,-2.2085,-1.5628
-1.8961,0.74858,-1.9546,-1.7077
-3.6429,1.2499,-1.8832,-2.625
-1.6762,-3.7291,0.90556,-0.45564
-3.2342,-6.3239,10.395,-0.8644
-4.4703,-5.9134,11.116,-1.5633
-3.5559,3.656,-2.1571,-3.2709
-0.57347,1.541,-2.0912,-1.3489
-2.1004,-6.36,6.0165,-0.13552
-3.5288,-5.2679,13.167,-1.4394
-3.712,-5.8817,11.723,-1.2694
-2.3172,-3.2641,0.41191,-0.84765
-2.6286,3.5515,-2.3296,-2.8241
-0.40136,-0.7343,-1.2126,-0.65734
-2.1856,-6.5669,7.5333,-0.18905
-3.4623,-5.6238,12.468,-1.2718
-3.0814,-6.4305,9.8966,-0.74125
-1.5126,-2.2787,-0.39459,-0.73918
-1.9862,2.8858,-2.3605,-2.3469
-2.5056,3.9954,-2.3352,-2.8985
-0.46778,0.090545,-1.6082,-0.90597
-1.6421,-6.2495,5.6472,0.052564
-2.7888,-6.5133,9.4324,-0.56526
-1.6532,-6.2698,5.7277,0.049494
-0.19412,-0.8206,-1.1235,-0.54563
-1.1977,3.3043,-2.3894,-2.12
-7.1915,7.2912,0.95407,-6.0805
-3.0942,3.3044,-2.2549,-2.9609
-1.0173,-3.1078,0.36389,-0.31887
-2.4639,-6.573,8.8457,-0.37561
-3.5958,-6.0982,11.113,-1.1249
-1.9999,-6.286,5.7019,-0.096992
-0.14957,-1.0953,-0.95928,-0.4546
-0.98231,3.9537,-2.3866,-2.2138
-5.1737,5.4173,-1.3359,-4.5346
-2.1924,-1.8282,-0.73106,-1.1519
-2.7054,-6.4143,6.2959,-0.3999
-3.2483,-6.5389,8.6971,-0.72301
-0.57825,-4.5645,2.186,0.20536
0.73985,0.98267,-1.6509,-0.63146
-0.5788,4.3981,-2.3381,-2.1677
-6.1768,7.7101,0.29427,-5.7227
-3.6076,-1.7813,-0.59738,-1.7947
-2.4809,-6.3148,5.7871,-0.30447
-2.041,-6.1602,5.2157,-0.12718
0.58288,0.090601,-1.3608,-0.45629
0.42276,4.293,-2.19,-1.7041
-1.3013,5.5079,-2.233,-2.8127
-5.9405,8.8445,0.96576,-5.9815
-4.0022,1.4537,-1.8386,-2.8444
-2.0615,-3.1063,0.26415,-0.77355
-1.1092,-2.2144,-0.39933,-0.58014
0.1952,2.1683,-2.0896,-1.1929
0.12393,3.8018,-2.2569,-1.6897
-1.3412,3.7571,-2.4017,-2.3139
-4.7061,3.9596,-1.7778,-3.8839
-6.0624,8.4294,0.72014,-5.9024
-4.9894,2.8174,-1.6755,-3.6823
-3.1398,-1.0251,-1.1237,-1.7819
-1.8089,-0.23624,-1.5913,-1.4019
-0.72886,2.7402,-2.3153,-1.7539
-0.98762,2.2646,-2.2754,-1.7318
-2.2895,1.1829,-2.0625,-2.0013
-3.9315,1.349,-1.8349,-2.7831
-1.8644,-3.2361,0.39125,-0.65559
-3.5745,-6.3323,10.141,-0.99888
-4.8705,-5.96,10.513,-1.6955
-3.8374,3.7579,-2.0809,-3.4281
-0.99018,1.6201,-2.1542,-1.552
-2.363,-6.3802,6.0905,-0.24887
-3.684,-5.243,13.159,-1.5144
-3.8973,-5.9458,11.436,-1.3179
-2.7866,-3.1624,0.34392,-1.0802
-2.5818,3.6293,-2.3353,-2.8258
-0.38998,-0.58819,-1.2852,-0.69108
-2.3396,-6.5687,7.5239,-0.25583
-3.5229,-5.6366,12.417,-1.2922
-3.1863,-6.472,9.5419,-0.75755
-1.4928,-2.1585,-0.48167,-0.76095
-2.1477,3.0153,-2.3602,-2.4555
-2.4212,3.8243,-2.3508,-2.8109
-0.33051,0.021643,-1.5551,-0.82827
-1.7609,-6.2629,5.6637,0.0033497
-2.899,-6.5202,9.3142,-0.60579
-1.712,-6.2425,5.5957,0.022356
-0.33897,-0.70723,-1.2143,-0.63767
-1.3516,3.5723,-2.4011,-2.2649
-7.2045,7.1635,0.88369,-6.0457
-2.8706,3.114,-2.2862,-2.8058
-0.8223,-3.1763,0.46625,-0.21837
-2.5939,-6.5751,8.7655,-0.4281
-3.7584,-6.0297,11.253,-1.2233
-2.2506,-6.3015,5.7342,-0.20436
-0.26136,-0.90167,-1.0941,-0.55316
-1.0234,4.2071,-2.3799,-2.3057
-5.0589,5.3957,-1.3973,-4.4747
-2.1139,-2.1641,-0.50096,-1.0315
-2.6565,-6.5215,7.0238,-0.38378
-3.3828,-6.5172,8.8391,-0.79558
-0.73772,-4.5951,2.1803,0.14437
0.67021,1.0098,-1.6805,-0.66849
-0.6235,4.3773,-2.3435,-2.181
-5.984,7.8263,0.2186,-5.6678
-3.3582,-2.11,-0.42545,-1.5983
-2.4614,-6.324,5.8267,-0.2952
-2.1218,-6.0914,4.9764,-0.17067
0.50256,-0.012758,-1.3395,-0.46271
0.31838,4.24,-2.2136,-1.7335
-1.2483,5.4094,-2.2509,-2.7599
-5.9513,8.9028,1.0275,-6.0062
-3.8913,1.6701,-1.9114,-2.8547
-2.2113,-2.9495,0.12338,-0.87787
-1.215,-2.3712,-0.29397,-0.58647
0.090326,2.0618,-2.0916,-1.208
0.075006,3.7517,-2.2653,-1.6963
-1.2865,3.7809,-2.4006,-2.2968
-4.5457,3.8209,-1.8483,-3.7695
-5.9783,8.454,0.66913,-5.8699
-5.0896,2.4341,-1.6057,-3.6187
-3.2252,-1.1127,-1.0637,-1.7971
-1.914,-0.26227,-1.5804,-1.4411
-0.82988,2.6575,-2.3155,-1.7743
-0.93406,2.1434,-2.2517,-1.6743
-2.1225,0.94214,-2.0061,-1.8608
-4.0661,1.4241,-1.8145,-2.8651
-2.3237,-3.2908,0.43743,-0.84405
-3.8979,-6.2838,10.119,-1.1541
-5.1633,-5.8839,10.42,-1.8417
-3.8278,3.742,-2.0842,-3.4191
-1.1058,1.5496,-2.147,-1.5828
-2.5818,-6.2478,5.5176,-0.35477
-3.8332,-5.2655,13.06,-1.5686
-4.1102,-5.9444,11.302,-1.4053
-2.8494,-3.0481,0.24644,-1.1361
-1.0264,3.2627,-2.3793,-2.0331
1.0814,-0.92585,-0.66479,0.022871
-1.2021,-6.5088,7.8837,0.20902
-2.8745,-5.7672,12.294,-0.96298
-2.2868,-6.4687,9.8459,-0.37814
-0.24511,-2.3154,-0.15091,-0.18325
-1.2256,2.7964,-2.3553,-1.9867
-0.83354,3.2868,-2.3674,-1.9559
1.0772,-0.50958,-0.90098,-0.087858
-0.74346,-6.201,5.9629,0.41788
-2.0525,-6.526,9.3616,-0.23415
-0.77781,-6.143,5.6816,0.40006
0.77813,-0.91337,-0.78837,-0.10792
-0.46903,3.2542,-2.3292,-1.788
-6.5686,7.0112,0.19644,-5.6873
-1.2825,2.5181,-2.3271,-1.9324
0.63905,-3.2059,0.97676,0.40733
-1.7276,-6.5244,9.2044,-0.083839
-3.0807,-6.0684,11.423,-0.92253
-1.1785,-6.317,6.193,0.24863
0.85901,-1.0209,-0.69482,-0.045838
-0.20539,3.8924,-2.3108,-1.8581
-3.5233,4.9422,-2.0478,-3.6351
-0.3258,-1.7807,-0.56608,-0.35303
-1.6977,-6.4523,6.6698,0.035576
-2.4593,-6.5481,9.1836,-0.39772
0.4622,-4.3622,2.3424,0.59643
1.6105,0.92856,-1.318,-0.24953
0.20656,4.2668,-2.2342,-1.7894
-4.9628,7.7594,-0.49445,-5.1634
-1.5318,-2.7641,-0.0094662,-0.62612
-1.287,-6.2461,5.7893,0.2006
-1.0419,-6.0531,5.1801,0.28299
1.5711,0.226,-1.0552,-0.076278
1.1013,4.2314,-2.0199,-1.3963
-0.51775,5.3887,-2.2193,-2.4341
-5.1223,8.7253,0.24902,-5.5511
-2.4445,1.2335,-2.0639,-2.084
-0.91288,-3.4435,0.7144,-0.19315
0.035158,-2.3306,-0.059306,-0.060188
1.1509,2.0037,-1.7955,-0.7396
0.88875,3.5529,-2.0747,-1.2903
-0.44375,3.5377,-2.3382,-1.8587
-3.8534,3.412,-2.0831,-3.3347
-5.2666,8.075,-0.12058,-5.4073
-3.7953,1.8185,-1.9627,-2.853
-1.9237,-1.8615,-0.70933,-1.0252
-0.60571,-0.60286,-1.3165,-0.78013
0.1791,2.4299,-2.1366,-1.2735
-0.12234,1.8888,-2.098,-1.2511
-1.2663,0.52238,-1.8641,-1.3696
-2.1713,0.9554,-2.0077,-1.886
-0.35251,-3.6379,1.066,0.092056
-2.7306,-6.3595,10.405,-0.63306
-4.1421,-6.0692,10.849,-1.3604
-1.991,3.3426,-2.3845,-2.4803
0.57901,1.2007,-1.7654,-0.75971
-1.1571,-6.3162,6.2043,0.25728
-3.2601,-5.2322,13.31,-1.3388
-3.3506,-5.9784,11.604,-1.0765
-1.5855,-3.2456,0.41948,-0.53159
