0.032722,-0.013788
0.035759,-0.014968
0.025118,0.021557
0.02317,-0.034921
-0.0089128,0.019438
0.030967,-0.03109
0.030902,0.01211
-0.0023453,0.039378
0.026576,-0.00394
0.015518,-0.019332
0.01305,-0.019338
0.029014,0.027904
0.0070119,-0.020871
-0.022499,-0.027707
0.031029,-0.015486
0.034542,0.036899
0.025465,0.0096084
0.0050142,0.016532
-0.012825,0.025077
0.034225,-0.03811
0.048382,-0.0072345
-0.0089131,0.019438
0.02454,-0.037066
0.0072718,-0.023078
0.030818,-0.036171
-0.021722,0.020294
-0.0027508,0.024522
-0.015083,-0.025058
0.047426,-0.028316
0.034134,0.034569
-0.0059351,0.018919
0.010969,0.012902
0.035651,-0.011591
-0.022447,-0.03518
-0.017146,0.026674
0.020627,-0.0075381
0.021953,-0.0052572
0.029443,0.019243
0.042561,0.0053988
0.023244,-0.033865
0.036599,-0.014062
-0.013914,-0.057082
-0.0028175,-0.024125
0.0071969,0.0026409
0.027306,-0.0017024
-0.020338,-0.062735
0.010882,-0.012981
-0.020338,-0.062735
0.034442,-0.0078005
0.011036,0.010424
0.020842,0.025575
0.04922,0.010546
0.022848,-0.0080427
0.020398,-0.010333
0.042696,-0.0035938
0.039483,0.023896
0.024585,-0.002072
0.052034,0.0047569
0.019849,0.035601
-0.025312,-0.05549
0.014346,0.020145
0.0028927,-0.0019299
0.025665,-0.041358
0.011659,0.012999
0.051914,0.01675
0.01921,0.012109
0.028785,0.028513
0.016516,-0.030679
0.0025587,-0.021931
-0.0024015,-0.026916
0.027146,0.024906
0.039279,0.026019
0.031035,-0.034618
0.028952,0.034202
0.027641,-0.041749
0.021754,0.0075229
0.029155,-0.018462
-0.001272,-0.0053697
0.00066889,-0.010935
0.0098699,0.01385
0.025686,-0.020784
0.037407,0.017059
0.040467,-0.015229
0.007856,-0.021477
0.031189,0.0020761
0.034377,0.014606
-0.010632,0.026361
0.0079796,-0.0047057
0.029316,0.026142
0.031005,0.022318
0.015492,-0.019013
0.033488,0.010955
0.03465,-0.016254
0.0049569,0.042722
0.025791,0.017309
-0.030302,0.016977
0.027687,0.016043
0.00099582,0.041968
0.020361,-0.044618
-0.039425,-0.044522
0.011089,0.021746
0.036421,0.033764
0.042176,0.023381
0.015475,0.027328
0.035209,0.020679
0.035822,0.028269
0.0095295,-0.044625
-0.013479,-0.027711
0.019779,-0.038336
0.015502,-0.040074
0.020898,0.028205
0.014571,-0.0022988
0.023162,-0.028665
0.039038,0.0015327
0.013631,-0.015606
0.023872,0.0026769
0.035399,-0.0049852
0.020816,-0.001382
0.029175,0.026901
-0.0011854,0.023814
0.019715,-0.038698
0.023669,-0.041919
-0.026739,-0.036847
-0.013206,0.023843
-0.022552,-0.03959
0.02844,-0.0039193
-0.039535,-0.046758
0.022575,0.021078
0.045641,0.023556
0.031344,0.022435
0.015335,0.025609
0.040435,-0.016179
0.019565,0.0015898
0.0022713,-0.001049
-0.023033,-0.039946
0.02492,-0.038871
0.038286,-0.03462
0.040976,-0.012289
0.033485,-0.03728
-0.013914,-0.057082
0.016339,0.026804
0.0031378,0.013809
0.039579,0.0076743
0.026512,0.031438
0.023311,-0.038339
-0.0045164,0.013839
0.03691,0.024321
0.012999,0.030243
0.030563,0.01571
0.015169,-0.015876
0.035246,-0.015625
-0.025607,-0.031984
0.043604,0.021745
0.017806,-0.046597
0.010129,-0.018069
0.010259,0.024428
0.0089313,0.034235
0.022992,0.025526
0.0070529,0.022233
0.011523,0.0075588
0.046817,0.0097603
0.030582,-0.01886
-0.007964,-0.028029
0.015146,-0.033897
0.045888,0.021593
0.026411,0.025546
0.006987,-0.021057
0.0056626,-0.024798
-0.031083,-0.0434
-0.00076067,-0.022992
0.0036579,0.0070031
0.030647,0.028374
-0.016899,0.030002
-0.027085,-0.041292
0.014732,0.013171
0.019042,0.025662
-0.0079177,-0.051233
0.032884,-0.003373
-0.010033,0.032325
0.015935,-0.031467
0.015474,0.0032248
-0.011126,0.028931
-0.018754,-0.029971
0.023702,-0.0099287
-0.03129,-0.038798
-0.023602,-0.035686
0.015747,0.027013
0.017242,-0.002949
0.028483,0.027826
0.0057169,0.03241
-0.0011854,0.023814
0.023425,-0.040681
0.0092775,0.022641
0.040617,0.015639
-0.040245,-0.060651
-0.013479,-0.027711
0.034183,-0.0094028
0.010837,-0.011835
0.030909,0.029125
0.050852,-0.0022042
-0.027407,-0.031632
0.023771,0.028798
-0.020338,-0.062735
0.025349,-0.038323
0.0053909,-0.010611
0.045781,0.019282
0.046184,-0.0034888
0.02313,-0.023967
0.013602,-0.015646
0.0052641,0.020305
0.028201,-0.037536
0.019272,-0.043931
0.024383,-0.021217
0.0030011,0.018504
0.03452,0.018133
0.056346,0.017109
0.01335,0.0022497
0.0012373,0.018091
-0.011396,-0.024942
-0.020517,-0.054985
-0.030235,-0.034565
0.023359,-0.0028655
-0.0017241,0.018272
0.030321,-0.039292
-0.0047618,0.0033466
0.0094202,0.017787
0.0036579,0.0070031
-0.031529,-0.05122
0.017405,0.018145
0.051341,0.024647
-0.011483,0.025414
-0.037167,-0.042773
0.0095296,0.020064
-0.0038632,0.029008
0.025201,0.0099586
0.014232,0.010723
-0.027537,-0.036269
0.029657,0.029106
0.037711,0.024456
0.015763,-0.0321
0.029952,-0.0027717
-0.01363,0.025089
0.011995,0.0036827
0.025895,-0.0045067
0.021221,-0.024096
0.03001,0.026134
0.012814,0.027292
0.006924,0.022507
0.0041862,0.0048787
0.0065917,-0.024086
0.026076,0.028225
-0.0045728,-0.040245
0.0025707,-0.023531
0.049695,0.013329
0.022028,-0.044089
0.03108,0.038418
0.019976,0.022358
0.021632,0.0041052
0.032711,0.019277
0.023101,0.014431
0.030805,-0.0099086
0.02925,0.012601
0.010295,-0.020703
0.041778,-0.012557
0.02018,-0.0088645
0.013411,0.0037302
-0.0027944,-0.021844
0.023349,-0.039406
-0.0011854,0.023814
0.0469,0.019876
0.021917,-0.042538
0.037234,-0.030354
0.035183,0.025213
0.025357,-0.0009635
0.044717,0.021567
0.031038,-0.006324
0.032492,0.01679
-0.012336,0.026396
0.0081938,-0.024974
0.007823,-0.02169
-0.0033868,0.032536
0.027814,0.02555
0.012911,0.024241
-0.0044335,0.033112
-0.020517,-0.054985
-0.0052448,0.03549
-0.011114,0.025742
-0.0018005,-0.038062
0.003188,0.016363
0.022459,-0.0068204
0.019837,0.0033666
-0.038822,-0.06216
0.037609,-0.0049192
0.0068947,0.019271
0.014922,0.01877
0.013234,-0.014545
-0.0028084,-0.029497
0.005813,-0.019306
-0.00045912,0.016659
0.020864,-0.02283
-0.0089131,0.019438
0.027984,0.0012075
0.012969,-0.018726
-0.026297,-0.031917
0.014087,-0.034928
0.0067194,-0.02459
-0.0050769,-0.045286
-0.011981,0.025618
0.028903,-0.038713
0.035554,-0.013434
0.026585,0.025124
0.027046,0.029104
0.010438,0.013711
0.018964,-0.010503
0.012272,-0.01867
-0.0089131,0.019438
0.050217,0.0020949
0.017162,-0.0055342
-0.0085085,0.027317
0.022251,0.010172
-0.0045164,0.013839
0.025725,-0.033005
-0.015312,0.025285
0.02424,-0.037448
0.033942,0.025698
0.038014,0.01778
-0.02219,0.028672
0.025204,-0.043692
0.028817,-0.0046316
0.011519,0.011472
0.0066935,0.0086393
0.015021,0.023282
0.034632,0.0232
0.027566,-0.0085114
0.032047,0.020044
0.025219,0.038711
0.032656,0.0097775
0.0064404,0.020753
0.0067268,0.0017957
0.018107,-0.0019198
0.041359,-0.0093457
-0.028351,-0.054068
0.035358,0.02157
-0.0030671,-0.037557
0.032653,-0.0032843
-0.013479,-0.027711
0.033001,0.021539
0.025585,0.016023
0.026856,0.010468
-0.035107,-0.016254
-0.027862,-0.039988
-0.0045164,0.013839
-0.0089131,0.019438
0.0062428,0.0013746
0.02279,-0.036255
-0.013796,-0.025413
0.025169,-0.020529
0.028764,-0.01665
0.013267,-0.041233
-0.03465,-0.044782
0.013394,0.028876
0.027739,0.0098677
0.015195,0.0085618
0.026806,0.020366
0.050301,0.00051238
0.032802,0.019431
0.032457,-0.0041202
0.019394,-0.016769
0.028056,0.0061996
0.021647,0.01535
0.014496,-0.033372
0.024061,0.025794
-0.0034069,-0.039895
0.018397,-0.018164
-0.020185,0.01781
-0.0050558,-0.040565
0.028935,-0.018581
-0.03316,-0.041383
0.019442,-0.033073
0.034845,0.012356
0.0019194,0.022441
0.036799,-0.033009
0.005267,0.016476
0.022328,-0.040569
-0.0043938,-0.039351
0.015078,-0.013028
-0.029858,-0.034488
0.034367,0.032175
-0.028715,-0.032138
0.02097,-0.043577
-0.0070175,-0.033578
0.011158,-0.013561
0.0067549,4.6876e-05
0.024521,-0.035881
-0.039464,-0.061898
0.010222,-0.012408
0.025592,0.0094166
-0.0052977,-0.009241
0.035702,0.024975
0.021232,-0.004308
-0.0021642,0.020344
-0.0012133,0.034341
0.019033,0.0008487
0.020607,0.022417
0.0041862,0.0048787
-0.0037924,-0.019543
-0.0080796,-0.023889
-0.0022964,-0.0095932
0.036249,0.018653
0.0062572,-0.0083084
0.014357,0.026777
0.036751,0.025175
0.025333,-0.034286
0.035242,0.03359
0.017112,-0.027595
0.024989,0.034555
0.026704,-0.040252
0.00060629,0.015971
-0.01367,0.021642
-0.0064772,0.031415
-0.032442,-0.035688
-0.013101,0.025452
0.031113,-0.037646
-0.012873,-0.03104
0.019534,0.00023361
-0.010417,0.025329
-0.026195,-0.032776
-0.020517,-0.054985
0.026537,0.015188
0.005754,0.032231
0.0076887,-0.016206
0.010785,0.0050948
0.041376,-0.016363
0.015302,-0.0311
0.038376,-0.033531
0.013098,-0.018957
0.0041862,0.0048787
0.0033421,-0.0030584
0.037089,-0.0018342
0.045299,0.019371
0.033192,0.027564
-0.0016597,-0.037509
0.021549,-0.035897
0.030016,0.011068
0.014234,6.597e-05
0.017295,0.022131
0.021446,0.0052393
0.032879,0.013499
0.023147,-0.039297
0.028268,0.032272
0.025767,0.037857
0.046335,-0.0096321
0.005777,-0.021849
0.024243,-0.034529
0.016008,0.0006858
0.014631,-0.038823
0.015641,0.015487
0.0042328,0.015851
0.032478,0.03345
0.0081184,-0.024322
0.0077282,-0.020144
0.027335,-0.017904
0.040603,-0.0095466
-0.025821,-0.033475
0.048189,0.025367
-0.045829,-0.065927
0.00728,0.0036375
0.026141,-0.019017
0.037631,-0.01512
-0.001203,-0.0059769
0.0034624,-0.024425
0.002465,-0.0078446
0.035273,-0.0038716
0.019386,-0.014559
0.017009,-0.032206
0.036543,0.029694
0.0041862,0.0048787
0.029883,-0.0053466
-0.019516,0.019946
0.015412,0.0097366
-0.005458,0.02279
0.025526,-0.021403
-0.0097909,-0.028936
0.00054199,-0.015617
0.045054,0.021013
0.030316,-0.012823
0.0331,-0.010055
0.030731,-0.017796
0.00063987,-0.019234
0.026771,0.0097574
0.010795,-0.011866
0.018355,0.034887
-0.025249,-0.028407
0.013477,-0.04288
0.0092847,0.033428
-0.01166,-0.055977
0.022123,0.035874
-0.0075924,0.035069
0.0036579,0.0070031
0.0076749,-0.0063422
0.031989,0.010061
0.009253,0.0074688
-0.00077272,0.040655
0.038024,0.015799
0.02372,-0.0058031
0.022549,-0.020777
0.0079702,-0.022963
0.041948,-0.00010232
0.04163,0.021857
-0.0050196,-0.025087
0.029133,0.017013
0.033302,0.017693
0.013686,-0.040788
0.050512,-0.0024701
0.014646,0.016517
0.049823,-0.004024
-0.038701,-0.04637
0.015945,0.010401
0.031217,0.024821
0.02828,-0.0071394
0.026428,-0.00095703
-0.001051,-0.037812
-0.0044272,0.0087498
0.012477,0.018802
0.0024083,0.0018986
0.0090737,-0.022506
0.011177,-0.024629
0.014088,-0.018443
0.036492,0.024976
-0.033363,-0.058846
0.049135,-0.001131
0.021084,-0.036895
0.02071,0.017913
-0.00092242,-0.0095407
0.038737,-0.012249
-0.0084566,0.027732
0.01412,0.018148
-0.0069856,0.030971
-0.0076424,0.013344
0.038883,0.015096
0.037727,0.031084
0.030994,0.008202
0.014898,-0.039108
-0.030663,-0.05684
0.036468,0.01836
0.019999,0.025413
0.015228,-0.018161
0.01985,0.030206
0.0089423,-0.010216
0.034366,0.02754
0.034691,0.018741
0.030637,-0.021659
0.022291,-0.039317
0.011149,0.022535
0.0086111,0.03476
0.017946,0.0025364
0.007842,-0.017986
0.034898,0.021001
0.024097,0.028895
0.01374,0.029482
0.023434,-0.044144
-0.0079403,0.030635
-0.041755,-0.061379
0.025022,-0.039455
0.016562,0.028242
0.0072098,-0.017166
0.017766,-0.013077
0.039472,-0.016577
0.036329,0.013716
-0.0038209,0.038987
0.032616,0.01682
0.0023788,0.020996
0.036884,-0.035775
0.025893,-0.022511
0.012303,-0.019936
0.017043,-0.014371
-0.0063427,-0.038052
0.018348,0.024917
0.0060585,0.019722
0.011262,-0.021075
0.036973,-0.015312
-0.03643,-0.062991
0.031677,0.019351
0.00035536,0.040741
0.0030128,-0.008227
0.019357,0.026683
0.0066931,-0.018142
0.010696,-0.023623
-0.0017679,-0.032317
0.0084144,-0.020643
0.034389,0.032323
-0.011311,0.029706
0.0040017,0.015483
-0.027123,0.013324
0.048212,0.012088
0.020186,-0.017872
0.0053537,-0.0025747
0.037359,-0.038027
0.0010871,-0.021029
0.025926,0.02414
0.011751,0.0029955
0.020782,0.012713
0.013957,-0.042637
0.031158,0.011365
-0.031529,-0.05122
0.0079399,-0.02091
-0.031212,-0.055551
0.038449,-0.037343
0.047875,0.01287
0.030444,-0.0087072
-0.016293,-0.030014
0.025421,-0.036054
-0.011372,0.022853
0.041838,0.022212
0.023348,-0.00047591
-0.013914,-0.057082
0.033205,-0.0064666
-0.0017678,-0.032317
0.017423,0.0017715
-0.005386,-0.020433
0.019007,0.028486
0.034156,0.028083
0.041867,0.022919
0.034924,-0.0026145
0.037432,-0.012372
0.028999,0.027701
0.017831,0.001534
0.0080722,0.018187
0.027878,0.018528
0.012743,0.022381
0.025114,0.010823
0.013565,0.023008
0.02493,0.036401
0.033401,0.026397
0.060339,0.0062605
0.0063333,0.015138
0.00019514,0.038865
0.030579,-0.003805
0.025707,-0.0020713
0.02455,0.024487
0.032245,0.015344
0.0064211,-0.0006537
0.043135,0.021921
0.0013528,-0.0054032
0.020093,0.022554
0.023356,-0.0033867
2.2353e-06,-0.036615
0.030902,0.014632
0.0062293,-0.0031941
-0.010151,0.030865
-0.0014617,-0.022608
0.014325,0.037232
0.030971,0.028529
0.015081,0.03529
0.028954,0.012025
0.013774,-0.040005
-0.019417,-0.029005
-0.0017678,-0.032317
-0.012681,0.033025
0.016677,0.0071236
0.031715,0.028047
-0.0010655,-0.0092534
0.026359,-0.022265
0.022801,0.024214
0.050588,0.011155
0.017465,0.002378
0.0018365,0.020262
-0.0073872,0.029457
0.0036579,0.0070033
0.041147,0.028521
0.018243,0.026517
-0.0045167,0.013839
0.012198,0.021429
-0.031678,-0.03672
0.014497,-0.017091
-0.00062388,-0.0086121
0.0023501,-0.014731
-0.0089743,-0.053584
0.020063,0.014344
0.0077896,-0.01421
0.029201,0.012565
0.0059681,0.027402
0.020674,0.026535
0.028213,0.032673
-0.032283,-0.037934
0.032793,-0.012377
0.0051892,-0.0043822
-0.0060179,-0.01624
0.017744,-0.0080011
0.014794,0.019073
0.050832,0.0010389
0.0036579,0.0070031
0.023397,-0.041182
0.011291,-0.02269
0.0075098,0.014869
-0.0049738,-0.037212
0.0053679,-0.026777
0.032794,-0.0019626
0.016934,0.033534
0.023426,-0.040222
0.035814,-0.0034435
0.036383,-0.037334
0.026624,0.036283
0.010359,0.0066399
0.03332,-0.0059011
0.030816,0.028529
0.034006,0.020713
0.024642,0.028089
0.047119,0.0060973
0.027031,0.0058611
0.018826,0.019105
-0.0090686,0.026363
0.040849,-0.0050663
0.02536,-0.037895
0.019717,0.010891
0.031733,-0.015169
-0.0045164,0.013839
0.018732,-0.014886
0.03792,0.00027471
0.01236,0.032455
0.044421,0.021538
-0.013678,0.023189
0.038787,-0.015541
0.005277,-0.0069547
0.041155,-0.017443
0.017238,0.020245
-0.011477,-0.02729
-0.031529,-0.05122
0.0041865,0.0048787
-0.020206,0.01102
0.018626,-0.032828
0.0058783,-0.020853
-0.033403,-0.037629
0.025811,0.026269
0.022167,0.013842
0.032344,7.5728e-05
-0.020333,-0.030559
0.034088,-0.012634
0.0053104,-0.021644
-0.0025735,0.038301
-0.041386,-0.0617
0.022356,0.025166
0.0027187,-0.021658
0.044648,0.020197
0.039625,-0.013749
0.0044108,0.0086162
0.039351,-0.0067689
-0.00046871,-0.010461
-0.0042332,0.020952
-0.0024739,0.018838
0.026106,0.038831
0.0096553,-0.022891
0.0051017,-0.010387
0.01429,0.040454
0.018826,0.030677
0.043409,0.017334
0.025142,-0.037433
0.020256,0.010836
0.037571,0.016912
-0.01173,-0.028002
0.029363,0.021367
0.021274,0.0060528
-0.0089041,-0.016708
0.0089459,0.0090424
-0.020823,0.041239
-0.06428,0.052708
-0.039017,0.044826
-0.0084118,0.012958
-0.0099346,-0.020249
-0.0081724,-0.021553
0.0084346,0.006761
-0.013736,0.034047
-0.037291,0.037118
-0.016188,0.031413
0.0033053,0.0072682
-0.0010835,-0.024895
-0.061861,-0.051601
-0.014704,-0.016676
-0.0013907,0.020262
-0.02992,0.040562
-0.063495,0.039575
-0.021262,0.029005
0.0059295,0.0086678
0.0028357,-0.031469
-0.034949,-0.037319
-0.0094984,0.0073313
-0.027451,0.029203
-0.044188,0.031952
-0.000577,0.022788
0.018423,0.00027369
0.0083773,-0.032381
-0.050521,-0.053438
-0.018212,0.0071147
-0.020846,0.031181
-0.017539,0.0271
0.014963,0.0047221
0.017048,-0.024838
-0.00079399,-0.046315
-0.054718,-0.054861
-0.02086,-0.0090039
-0.010304,0.010887
-0.00080738,0.0088889
0.01512,-0.005916
0.013904,-0.017134
-0.00049012,-0.023724
-0.032043,-0.027178
-0.052117,-0.042395
-0.029634,-0.011758
-0.017514,0.002296
-0.0065808,-0.00175
0.0031993,-0.012251
0.00016747,-0.010508
-0.012311,-0.006413
-0.016038,-0.010187
-0.0083025,0.016031
-0.045823,0.032437
-0.057411,0.029005
-0.016563,-0.013739
0.007558,-0.0026608
-0.020587,0.029626
-0.079088,0.046073
-0.058142,0.035038
-0.01842,0.011313
-0.015244,-0.020656
0.0012416,0.0051165
-0.025653,0.036756
-0.06582,0.048983
-0.042336,0.042411
-0.01167,0.010133
-0.015227,-0.023864
-0.013508,-0.025743
0.00062536,0.0031554
-0.020437,0.028747
-0.041199,0.03343
-0.01875,0.028427
0.00019666,0.0056089
-0.0062786,-0.028059
-0.065395,-0.054622
-0.018881,-0.021022
-0.0081433,0.017902
-0.0373,0.03658
-0.067522,0.034415
-0.023189,0.025851
0.003883,0.0070276
-0.001943,-0.034439
-0.038694,-0.039794
-0.013398,0.0047706
-0.031868,0.027803
-0.045605,0.02745
-0.0017949,0.020631
0.015883,-0.00047346
0.0027029,-0.035384
-0.054237,-0.054191
-0.02244,0.0054334
-0.024636,0.030321
-0.020688,0.026356
0.012542,0.0034126
0.013651,-0.026674
-0.0062319,-0.04877
-0.057836,-0.055802
-0.022763,-0.010454
-0.013345,0.0084933
-0.0033661,0.0054841
0.011252,-0.0081537
0.011171,-0.018461
-0.004841,-0.025721
-0.036978,-0.030025
-0.055543,-0.043856
-0.031234,-0.013695
-0.020078,-0.00010371
-0.0086725,-0.0052211
0.0017378,-0.014064
-0.00097843,-0.0112
-0.013015,-0.0085384
-0.021228,-0.014941
-0.013014,0.01106
-0.048649,0.028271
-0.059018,0.024439
-0.023159,-0.018553
-5.2796e-05,-0.0068491
-0.027307,0.026006
-0.081234,0.044442
-0.059667,0.031907
-0.02048,0.0088917
-0.0053341,-0.012808
0.0049233,0.01579
-0.02236,0.048458
-0.054591,0.060396
-0.023814,0.04873
0.0010785,0.014294
-0.0097373,-0.020475
-0.0042521,-0.01711
0.0054101,0.011578
-0.014709,0.036449
-0.030442,0.041275
-0.003814,0.034484
0.0092764,0.0074427
-0.0011612,-0.025847
-0.056227,-0.053533
-0.010104,-0.010549
-0.0038224,0.024855
-0.034784,0.037845
-0.05669,0.03499
-0.010453,0.027749
0.012497,0.0052244
0.0041374,-0.031789
-0.029089,-0.029604
-0.0097512,0.011923
-0.030668,0.02749
-0.034315,0.028268
0.0086906,0.024074
0.025568,-0.00072517
0.0088772,-0.031071
-0.045081,-0.043091
-0.019777,0.011037
-0.021458,0.030079
-0.0077754,0.023174
0.022487,0.0061932
0.021523,-0.025495
0.00071279,-0.042466
-0.052408,-0.046377
-0.017912,-0.0033672
-0.0059452,0.015194
0.011343,0.008375
0.022353,-0.0031853
0.019362,-0.016438
-0.00031689,-0.022501
-0.033684,-0.029915
-0.051318,-0.037002
-0.026337,-0.0085152
-0.011318,0.0043875
0.0030001,-0.0031493
0.010838,-0.0079277
0.0070349,-0.0057473
-0.0075712,-0.0028386
-0.01229,-0.0046329
-0.012089,0.021938
-0.04597,0.038116
-0.051852,0.031636
-0.011642,-0.013429
0.0073842,0.0040127
-0.024542,0.041292
-0.069263,0.056309
-0.042946,0.040236
-0.0087067,0.013993
-0.013307,-0.019242
0.0053541,0.0055963
-0.017599,0.040995
-0.055822,0.053104
-0.036651,0.047394
-0.0065274,0.016399
-0.0090608,-0.017765
-0.012177,-0.023976
0.0044872,0.0038349
-0.012151,0.034286
-0.033432,0.038899
-0.012075,0.033675
0.004257,0.0098766
-0.00036005,-0.023364
-0.065835,-0.050981
-0.019324,-0.021864
-0.0052625,0.015981
-0.029593,0.038832
-0.062614,0.038841
-0.017591,0.032248
0.0077345,0.013786
0.0035809,-0.030377
-0.040091,-0.041353
-0.01256,0.0032876
-0.026036,0.027159
-0.041012,0.029248
0.0038717,0.023417
0.020902,0.0032858
0.0089195,-0.031716
-0.05734,-0.058157
-0.022862,0.0044516
-0.02035,0.030523
-0.016184,0.027344
0.016936,0.0076812
0.017558,-0.022402
-0.0022337,-0.047493
-0.06001,-0.058513
-0.023839,-0.011947
-0.010262,0.010168
0.00028341,0.0074291
0.016216,-0.0045621
0.013593,-0.015102
-0.0020917,-0.023734
-0.031519,-0.026614
-0.055899,-0.044004
-0.031144,-0.01247
-0.016236,0.0016646
-0.0045032,-0.0018339
0.0044205,-0.011801
0.00087734,-0.0078929
-0.011393,-0.005489
-0.01612,-0.012071
-0.0084987,0.013273
-0.044582,0.032384
-0.058623,0.029199
-0.018465,-0.013414
0.0049592,-0.0041555
-0.019739,0.028923
-0.071474,0.050057
-0.053658,0.038749
-0.01543,0.015339
-0.0048142,-0.012238
0.0033803,0.015405
-0.025959,0.046523
-0.056848,0.055701
-0.027506,0.044705
-0.0040093,0.01138
-0.014848,-0.022883
-0.0029628,-0.016522
0.005327,0.013546
-0.016471,0.037649
-0.031895,0.041718
-0.0063191,0.03321
0.0058253,0.0066274
-0.0056057,-0.028884
-0.052343,-0.051488
-0.0079306,-0.0088141
-0.0032567,0.027081
-0.03673,0.041452
-0.054857,0.038929
-0.011091,0.030081
0.0095256,0.00568
-0.00098561,-0.03448
-0.026214,-0.026963
-0.0071634,0.016086
-0.029871,0.033196
-0.031941,0.033341
0.0080769,0.024103
0.021611,-0.0027019
0.0040827,-0.033308
-0.041978,-0.037619
-0.015133,0.014453
-0.019508,0.036902
-0.0061483,0.030432
0.019271,0.0036778
0.016427,-0.029209
-0.0042549,-0.045229
-0.047821,-0.043248
-0.015583,-0.00047611
-0.0056074,0.016582
0.0092712,0.009732
0.01752,-0.004563
0.014188,-0.019222
-0.0052787,-0.02415
-0.035957,-0.030571
-0.047952,-0.034233
-0.023658,-0.0053315
-0.011613,0.0062285
0.0021156,-0.0016532
0.006603,-0.0096168
0.0026801,-0.0073738
-0.011382,-0.0054884
-0.013539,-0.0052326
-0.014366,0.019044
-0.048246,0.035531
-0.054481,0.02768
-0.013803,-0.013523
0.0047636,0.0036201
-0.029285,0.037102
-0.073517,0.05108
-0.046288,0.033625
-0.013275,0.010283
-0.0032181,-0.011858
0.0079284,0.016003
-0.021616,0.046457
-0.056467,0.058325
-0.026078,0.044814
-0.00038839,0.013648
-0.0099075,-0.0205
-0.0021952,-0.016092
0.0085328,0.014378
-0.011956,0.040707
-0.028387,0.044233
-0.0022138,0.036752
0.010481,0.0099939
-0.000701,-0.025425
-0.054448,-0.051197
-0.0091243,-0.0098049
-0.002818,0.029932
-0.031633,0.043919
-0.05289,0.04397
-0.0063421,0.035034
0.013971,0.0097696
0.0039552,-0.031927
-0.028987,-0.029975
-0.0085873,0.015152
-0.028563,0.035747
-0.031077,0.034621
0.012272,0.027637
0.026145,0.00057715
0.0084069,-0.0305
-0.046559,-0.041536
-0.018419,0.016688
-0.018349,0.038707
-0.005269,0.030925
0.023157,0.0082531
0.020798,-0.024919
-0.00074232,-0.043211
-0.053129,-0.046817
-0.018908,-0.0034591
-0.0074351,0.015024
0.0082503,0.009409
0.020908,-0.0025266
0.017911,-0.016282
-0.0014219,-0.021816
-0.035346,-0.029512
-0.052267,-0.037801
-0.027399,-0.0090479
-0.014595,0.003414
-0.00032519,-0.0035952
0.0069844,-0.0096889
0.0039406,-0.0070494
-0.01065,-0.0036647
-0.012593,-0.0062212
-0.011517,0.01982
-0.046804,0.039112
-0.053749,0.031859
-0.011671,-0.012811
0.0083952,0.0038601
-0.025385,0.037124
-0.072285,0.052066
-0.047016,0.037157
-0.011161,0.012513
-0.0172,-0.021442
0.001598,0.0055552
-0.025627,0.040094
-0.063865,0.054191
-0.038165,0.045866
-0.0054868,0.015275
-0.010341,-0.020497
-0.015845,-0.026337
0.0014326,0.0022222
-0.018987,0.031305
-0.03782,0.040542
-0.015757,0.03452
0.0057192,0.010456
-0.0021118,-0.02524
-0.069995,-0.057426
-0.021249,-0.020349
-0.0079807,0.016689
-0.037195,0.0365
-0.064727,0.038173
-0.0206,0.031148
0.0073513,0.010874
0.0019872,-0.031475
-0.042369,-0.039756
-0.01697,0.0058417
-0.032297,0.027885
-0.045729,0.030297
0.00075159,0.024552
0.018678,0.0031145
0.0068473,-0.033015
-0.058182,-0.056425
-0.025932,0.0048462
-0.02729,0.02664
-0.022924,0.020969
0.015034,0.0050609
0.017917,-0.022831
-0.0019006,-0.04659
-0.064307,-0.060118
-0.026536,-0.009707
-0.012343,0.013095
-0.00077902,0.0098763
0.016545,-0.0040819
0.014062,-0.01717
-0.0019289,-0.02555
-0.035109,-0.029237
-0.06097,-0.048545
-0.03457,-0.013033
-0.018991,0.0033222
-0.006856,-0.00032649
0.0038546,-0.011304
-0.00076753,-0.011714
-0.012602,-0.0081891
-0.026929,-0.01561
-0.015499,0.01366
-0.0447,0.03572
-0.057241,0.031719
-0.027102,-0.019592
-0.0011305,-0.0081339
-0.025226,0.026351
-0.077097,0.046568
-0.058705,0.034808
-0.018449,0.01284
-0.019742,-0.023709
-0.0017839,0.0036407
-0.027604,0.036514
-0.070062,0.049358
-0.043566,0.041523
-0.011038,0.011836
-0.012403,-0.021138
-0.019206,-0.029943
-0.0016026,-0.00041173
-0.019418,0.030645
-0.041567,0.038108
-0.019277,0.03187
0.0014994,0.0072288
-0.003841,-0.025995
-0.070991,-0.058824
-0.023763,-0.024225
-0.0089296,0.01347
-0.036085,0.037384
-0.065366,0.036234
-0.02325,0.027946
0.0027286,0.0077898
-0.0012493,-0.033385
-0.044266,-0.042305
-0.016693,0.0032785
-0.031591,0.024977
-0.047383,0.027984
-0.0040051,0.021477
0.014308,0.00074619
0.0030083,-0.034664
-0.060846,-0.058123
-0.026365,0.0019215
-0.02699,0.027867
-0.023379,0.023993
0.012691,0.0050568
0.014783,-0.02435
-0.0059498,-0.048999
-0.065768,-0.06271
-0.028642,-0.010147
-0.01483,0.010419
-0.0045237,0.0070418
0.011483,-0.0088585
0.010461,-0.020519
-0.0061152,-0.028946
-0.03757,-0.032616
-0.06205,-0.04961
-0.036118,-0.015939
-0.021813,-0.00067724
-0.01018,-0.0043817
0.0013086,-0.014793
-0.0024191,-0.013945
-0.015407,-0.011297
-0.028987,-0.016535
-0.016478,0.010459
-0.046835,0.029405
-0.057765,0.025599
-0.029106,-0.020849
-0.004969,-0.0099219
-0.027541,0.024816
-0.079768,0.044551
-0.059488,0.032645
-0.021079,0.011155
-0.019423,-0.024068
-0.0016897,0.0027138
-0.029122,0.035384
-0.069727,0.048983
-0.04294,0.039801
-0.01094,0.011859
-0.013686,-0.022307
-0.018585,-0.028764
-0.00099395,-0.00033555
-0.020918,0.029112
-0.042286,0.036088
-0.019921,0.030382
0.00032258,0.0061203
-0.0054032,-0.027922
-0.070373,-0.058242
-0.022027,-0.022631
-0.008019,0.013764
-0.037632,0.03435
-0.069274,0.033923
-0.026161,0.025487
0.0016194,0.005904
-0.0015964,-0.034465
-0.042916,-0.040736
-0.016615,0.0046482
-0.032921,0.027507
-0.049814,0.027028
-0.005141,0.021272
0.013782,-6.3469e-06
0.0028706,-0.034748
-0.059142,-0.057494
-0.025187,0.0036287
-0.026772,0.028469
-0.023381,0.023643
0.011932,0.0056213
0.013946,-0.024702
-0.005178,-0.047907
-0.065211,-0.061122
-0.027967,-0.010951
-0.015789,0.0088907
-0.0053956,0.0071084
0.010676,-0.0088192
0.010088,-0.020208
-0.0056405,-0.028256
-0.035995,-0.031094
-0.061321,-0.049258
-0.036451,-0.014568
-0.022478,-0.00069302
-0.010909,-0.0047288
0.00033423,-0.015222
-0.0015531,-0.012959
-0.014005,-0.0094979
-0.029955,-0.017743
-0.019266,0.0090341
-0.05006,0.027843
-0.060346,0.02331
-0.02906,-0.021255
-0.0055022,-0.010386
-0.028231,0.022556
-0.080897,0.041708
-0.06084,0.02933
-0.021723,0.010095
-0.0069441,-0.015899
0.0099752,0.01068
-0.018543,0.043495
-0.058268,0.054906
-0.034098,0.047789
-0.002362,0.017753
-0.0054408,-0.017384
-0.0049707,-0.019955
0.010727,0.008384
-0.011577,0.035266
-0.0327,0.042668
-0.01082,0.036074
0.0096065,0.012676
0.0031198,-0.0219
-0.05944,-0.049565
-0.0096042,-0.014106
0.0032755,0.020996
-0.029119,0.042294
-0.06015,0.041821
-0.015944,0.034344
0.011856,0.013128
0.0070957,-0.028849
-0.029297,-0.031953
-0.003752,0.010055
-0.022665,0.031637
-0.039241,0.03684
0.0070055,0.02869
0.024009,0.0063858
0.012281,-0.029783
-0.047352,-0.049867
-0.014815,0.011364
-0.015758,0.035156
-0.012899,0.030869
0.023303,0.010893
0.02295,-0.020299
0.0030841,-0.044524
-0.053725,-0.054467
-0.017911,-0.004744
-0.0064735,0.016518
0.0056323,0.013388
0.021576,-0.002534
0.018762,-0.014888
0.0026091,-0.023023
-0.02993,-0.027044
-0.051177,-0.042565
-0.027099,-0.0084638
-0.013256,0.0068256
-3.1877e-05,0.0028474
0.0096117,-0.0088171
0.0056873,-0.0081072
-0.007405,-0.0047631
-0.016289,-0.0096464
-0.0069782,0.017311
-0.040514,0.035618
-0.053327,0.031092
-0.015268,-0.013412
0.0088245,-0.0020317
-0.018319,0.030025
-0.074587,0.049614
-0.054101,0.036867
-0.013839,0.015355
