-0.39918,1.7716,-0.046378
-1.9901,-0.64552,-0.055625
-1.6673,0.87033,-0.030347
-0.99607,-2.2895,-0.11952
-1.1753,0.94637,-0.047733
-0.24378,-1.7019,-0.13927
1.4238,0.57227,-0.13413
-0.13402,-1.5887,-0.14123
0.98386,1.9893,-0.076065
-1.4785,-0.30057,-0.069956
0.9802,-1.356,-0.16758
-1.4552,-1.2398,-0.089095
-0.83049,1.699,-0.034336
0.21565,1.6782,-0.068617
-1.2906,-1.3582,-0.097486
-2.2245,0.98753,-0.0020175
-1.5563,0.0682,-0.057849
-0.60172,1.4458,-0.051636
1.209,-0.95696,-0.16595
-2.4621,-0.032268,-0.019991
1.2339,1.0842,-0.11439
-1.5641,0.93095,-0.032726
0.0032946,2.3196,-0.036937
1.4928,-0.13117,-0.15419
-1.1424,-0.97879,-0.096994
1.0792,-2.0914,-0.17883
-1.528,-0.45238,-0.071317
-0.59105,1.6432,-0.044804
-0.66819,-1.4173,-0.12137
-2.3343,-0.1618,-0.029209
-1.4928,-0.9099,-0.08192
-0.74201,-1.4687,-0.11953
1.9748,1.1256,-0.12628
0.094248,2.0235,-0.051777
-1.974,-0.94526,-0.062089
1.805,-1.5853,-0.18688
-0.26756,-1.6314,-0.13762
-2.0758,-1.3947,-0.064921
0.83084,1.2851,-0.098689
-0.78626,-2.1485,-0.12592
-0.65855,-1.6655,-0.1251
-1.167,0.97842,-0.047023
1.3329,-2.0515,-0.18373
1.6153,0.47162,-0.14058
-1.4896,1.1099,-0.029951
1.8647,-0.062141,-0.15897
0.11752,-1.6792,-0.1499
-0.56197,-1.4804,-0.12592
-1.8618,1.3742,-0.0052192
-1.1439,1.7085,-0.022367
-0.75386,-1.2991,-0.1166
1.6213,1.7693,-0.097461
-0.96044,-1.5056,-0.11218
-2.1418,-0.75742,-0.051023
-1.711,1.512,-0.0067733
-1.113,1.4419,-0.033328
1.0536,-1.9605,-0.17695
-1.6632,-0.55053,-0.067799
-1.5384,-0.2144,-0.065515
2.4912,-0.17866,-0.17034
0.64069,2.3196,-0.054386
-1.8766,-0.22175,-0.051361
2.3967,-0.24997,-0.17091
-1.8414,-0.76664,-0.064558
-1.6942,1.3241,-0.01416
1.0378,1.6305,-0.091049
1.0653,-1.1941,-0.16693
2.1922,1.1969,-0.12701
0.42872,1.4978,-0.081083
-1.4649,-0.44556,-0.073742
-0.71142,2.3247,-0.013581
-2.2148,-1.0318,-0.05274
0.025433,-1.5136,-0.14501
1.8888,0.58286,-0.14196
1.0023,-1.5892,-0.17138
0.41997,-2.2042,-0.16391
-0.67347,1.7888,-0.036476
1.3419,1.1143,-0.11558
1.3347,-1.1347,-0.17158
-1.6887,0.65877,-0.035942
0.13589,-1.5256,-0.1484
1.3292,0.78181,-0.12598
0.62271,-1.439,-0.16029
1.552,-0.7531,-0.16883
-1.7709,-0.90639,-0.070231
1.7685,0.94471,-0.12891
1.0111,-2.0893,-0.17731
1.676,1.7448,-0.099355
1.5649,1.8741,-0.092411
-1.4331,0.74141,-0.043992
1.1077,1.0658,-0.11234
0.79674,-1.9843,-0.17132
0.53102,-1.4073,-0.15749
-2.3723,-0.79489,-0.041048
-2.1282,-1.2144,-0.059765
-0.45023,-2.0865,-0.13686
-0.81999,-1.4203,-0.11607
-1.6447,-1.8762,-0.089914
-0.089296,-2.4868,-0.15158
1.083,1.0503,-0.11231
1.3862,0.61829,-0.13204
1.7185,-0.04844,-0.15622
-1.8248,-0.92919,-0.068329
-0.75904,-2.2778,-0.12801
1.6583,0.51863,-0.13999
-2.0967,-0.26025,-0.04248
0.35886,-1.5035,-0.15431
-1.5772,0.19576,-0.053666
-0.97418,2.009,-0.01709
0.88929,2.0915,-0.069806
1.5549,-0.098015,-0.15454
1.7582,-1.0073,-0.17716
2.0477,1.3175,-0.12083
-1.52,-0.016713,-0.061485
1.7157,0.54655,-0.14018
1.6611,1.1652,-0.11983
0.70712,-1.8967,-0.16821
2.3093,0.63771,-0.14633
1.8156,-0.20897,-0.1617
-1.0619,-1.0806,-0.10182
-2.4899,0.23744,-0.011693
-1.7671,1.7632,0.0049479
-2.3551,0.57993,-0.0084958
-1.3518,2.0793,0.00021637
0.6576,-2.0538,-0.16863
-2.0187,0.75729,-0.018622
-1.5824,0.99412,-0.029936
2.1268,-0.42844,-0.17141
1.1383,-1.2816,-0.1699
-0.26758,2.484,-0.021574
1.3649,0.62055,-0.13156
0.21196,2.4911,-0.035637
0.35783,1.622,-0.07464
0.25331,2.3946,-0.040953
-1.2464,-1.3701,-0.099393
-1.2537,1.467,-0.027013
-1.6621,1.8681,0.0045294
0.79375,1.2859,-0.097779
-0.41843,1.5243,-0.054956
1.6439,0.26641,-0.14679
2.3702,0.23622,-0.15844
0.38495,-2.3109,-0.16387
-0.61097,-2.4033,-0.13414
1.7232,-1.7971,-0.18817
1.8179,-0.49035,-0.16806
1.0715,-1.1026,-0.16555
1.5188,-0.71124,-0.1674
2.1277,-0.8342,-0.17969
1.2812,-1.854,-0.18059
-1.9547,-1.336,-0.069446
-0.45602,-2.4552,-0.13973
2.1507,1.275,-0.12377
1.4568,-1.4577,-0.17895
-1.6388,-0.40579,-0.065705
0.24096,1.522,-0.075088
-0.81922,-1.3157,-0.11453
-1.6353,0.92173,-0.030061
1.3801,-0.62114,-0.16295
1.4931,-0.5048,-0.16268
-1.5261,-0.0081839,-0.061022
-2.4829,0.30004,-0.010335
0.78452,2.3144,-0.05813
-2.0682,1.3729,0.0038721
1.0186,-1.2835,-0.16733
2.1821,-1.1946,-0.18677
1.4806,-1.0181,-0.17241
0.61477,-1.4915,-0.16083
-1.0387,1.4303,-0.036542
0.034947,-1.6081,-0.14657
0.068492,1.6735,-0.064571
2.0623,-1.3452,-0.18744
-1.1526,-1.2715,-0.1015
0.50955,1.8746,-0.069081
-0.82798,1.5586,-0.039636
1.0432,-2.1305,-0.17841
1.8188,-0.48043,-0.16786
0.039736,1.5683,-0.067619
-0.75969,2.2638,-0.014443
1.9217,1.2799,-0.12023
-1.043,1.1976,-0.044471
0.55792,1.4332,-0.086774
0.39253,1.7225,-0.071816
-0.11848,-1.9028,-0.14552
-0.7752,1.3172,-0.050127
-0.52311,-1.4252,-0.12644
-2.1112,-1.1814,-0.060002
-0.062119,-2.0474,-0.14875
0.65041,1.9695,-0.068942
-2.1414,0.47169,-0.021538
0.17698,2.0688,-0.052336
1.668,-0.48972,-0.16552
0.25466,-1.7118,-0.15419
0.52295,1.7224,-0.075259
0.53974,-1.4025,-0.15764
1.7767,0.059723,-0.15448
-1.3969,2.0018,-0.0010948
-2.4585,0.13259,-0.015969
-1.2589,1.5079,-0.025337
-1.8894,1.0247,-0.015872
1.1744,-1.7228,-0.17683
-0.28447,4.4954,0.081234
-0.95324,5.2356,0.1494
2.3352,3.6398,-0.024072
-1.8335,3.162,0.068326
1.487,3.3561,-0.025236
-1.2329,5.1537,0.1548
-1.8205,1.3286,-0.0086071
-1.2808,1.9406,-0.0081252
1.0775,4.8644,0.066675
1.0857,1.7485,-0.08767
-0.43223,4.4297,0.082214
0.99777,0.73285,-0.12047
1.7428,2.7127,-0.060332
-2.0899,4.346,0.14223
-1.4074,3.9343,0.090151
1.7078,4.0082,0.0048717
-0.27574,4.9635,0.10906
0.62959,4.4803,0.0543
1.9815,4.4833,0.027263
-1.52,3.5678,0.075374
-1.0851,4.1293,0.088282
-0.42854,5.2636,0.13288
2.1702,1.7781,-0.10578
-0.37535,5.2638,0.13115
1.1672,3.9483,0.011964
1.254,0.9522,-0.1191
-0.84167,1.6704,-0.035007
0.084366,5.4475,0.12884
2.4687,3.3816,-0.038837
1.6741,2.1283,-0.084233
-1.0695,4.0683,0.084318
0.96079,1.8218,-0.082096
0.19645,4.6729,0.07722
1.3877,4.5233,0.039889
-1.7301,1.5507,-0.0045566
-0.58975,1.065,-0.065118
-0.30271,4.7007,0.093942
2.4188,3.6322,-0.025483
1.6522,3.3897,-0.026557
0.27002,4.9795,0.09378
-1.4551,1.064,-0.03287
-0.83332,1.2345,-0.050905
-0.68017,5.3791,0.14885
-0.35416,4.4862,0.082939
1.4944,4.5739,0.040815
1.6196,2.8676,-0.051122
0.42997,5.3466,0.11264
2.4806,2.6992,-0.071389
2.0767,1.8422,-0.102
-0.062802,1.4436,-0.069072
-1.6648,4.3456,0.12364
1.6059,4.625,0.041788
-2.3736,3.0337,0.086649
-0.53656,4.4669,0.08785
-2.403,2.7165,0.073355
1.3633,1.298,-0.10977
-0.79012,5.2812,0.14641
-1.4495,2.0423,0.002644
1.3942,2.3825,-0.068478
-1.5944,3.2344,0.061701
-1.3296,3.8955,0.084949
2.0334,4.4517,0.024653
-0.93546,4.8999,0.12775
-0.49951,5.2637,0.13524
-2.0452,2.6757,0.054983
2.4718,2.7368,-0.069594
1.5226,3.5725,-0.01494
-1.2324,4.1716,0.096293
-2.1608,2.1068,0.035904
-0.90064,1.2882,-0.046624
-2.0032,2.7077,0.054539
-0.31162,1.5168,-0.058693
0.48448,1.4102,-0.08569
1.6112,3.3776,-0.026437
0.98503,1.8373,-0.082048
0.70017,4.3653,0.045903
0.064371,1.5017,-0.070765
0.96615,0.83739,-0.11653
-2.2139,2.539,0.056594
0.0066566,4.6381,0.08066
1.6594,3.377,-0.027318
-1.9781,2.6333,0.050093
-2.3157,2.6755,0.067382
1.5412,4.9552,0.062928
-2.1133,3.0813,0.076854
-0.64218,4.3987,0.087509
1.84,2.6221,-0.065992
1.1455,1.9832,-0.079847
1.0783,1.6668,-0.090588
2.2182,2.3631,-0.082834
0.63686,1.2579,-0.094903
-1.5166,1.7856,-0.0046885
-0.39162,1.1316,-0.06952
-2.4732,2.7512,0.07828
0.11128,5.0935,0.10539
-1.389,3.6025,0.071852
1.141,4.1167,0.021759
-1.4155,3.4917,0.06723
-1.6388,2.4484,0.027353
2.4412,3.5026,-0.032414
-0.47343,1.2018,-0.064463
1.7754,1.2621,-0.11849
-1.066,1.9308,-0.016765
0.25491,4.5,0.065385
1.2982,4.0162,0.012954
0.63567,4.6056,0.061498
1.472,2.7,-0.056059
1.4411,5.0322,0.069575
1.718,2.3621,-0.075261
1.278,5.0381,0.073166
0.010469,0.50476,-0.10153
1.3793,2.367,-0.068848
-1.8146,4.4651,0.13692
-1.0208,1.6091,-0.030724
0.7494,4.6191,0.059489
-0.12674,4.5071,0.076983
1.6154,2.539,-0.065838
-0.60825,1.6163,-0.045215
1.7335,2.9771,-0.047996
0.58757,4.6018,0.062487
2.251,2.1742,-0.091163
-1.7797,1.2886,-0.011754
0.38419,5.4632,0.12146
1.5373,1.4651,-0.10719
-1.0115,4.1406,0.08615
1.4185,4.3169,0.027372
2.2636,2.3212,-0.085206
1.1237,4.8426,0.064351
-1.213,1.2492,-0.036235
0.76644,1.0861,-0.10388
2.2413,2.7976,-0.06398
-1.7722,1.9165,0.011092
1.5446,2.6704,-0.058738
-1.4689,2.1051,0.0059631
0.13787,1.5034,-0.072837
2.3884,3.0487,-0.054131
-2.4664,3.0097,0.089936
-1.2046,4.3196,0.10357
-1.5761,4.4246,0.12448
-1.8944,3.7226,0.099302
2.0285,4.027,0.00078108
-1.471,3.3108,0.060396
1.8243,2.3462,-0.077708
-2.245,3.8162,0.12006
0.6418,5.333,0.1063
-1.9417,3.2118,0.07548
0.24814,1.3011,-0.083121
1.0298,1.9109,-0.080184
0.4744,5.4465,0.11796
0.93582,1.6674,-0.087386
-0.60496,5.3724,0.14582
1.9266,3.1598,-0.042418
2.1791,3.9057,-0.0079551
1.9536,2.9134,-0.054529
0.3808,4.4477,0.058888
-1.1173,1.8744,-0.017029
0.83109,4.5221,0.051825
-1.7287,1.3348,-0.012328
-1.0065,0.73465,-0.060735
2.1272,3.3956,-0.033768
0.59286,1.5909,-0.081952
1.8517,4.3805,0.023347
-0.42,1.3016,-0.062803
1.8231,2.6912,-0.06263
1.7202,3.8397,-0.0044438
-0.51507,1.587,-0.049453
-1.0797,4.735,0.12311
1.1678,1.9896,-0.080065
0.51535,4.8921,0.081808
-1.9918,2.722,0.054679
-1.4925,1.5842,-0.013229
-1.2292,2.1403,-0.0021255
-1.9405,2.5102,0.043003
2.2715,2.2077,-0.090049
0.073441,0.5656,-0.10162
-1.5268,4.3495,0.11813
-1.0648,1.4244,-0.035773
0.033473,1.2435,-0.078944
0.36567,0.665,-0.1069
0.80713,1.6433,-0.085283
-1.1023,1.9156,-0.015989
1.5132,2.762,-0.054027
-1.9142,2.4164,0.037785
1.8283,1.7572,-0.10144
-1.2757,1.2886,-0.032439
0.41493,5.4066,0.11694
1.2266,1.3561,-0.10498
-1.3099,4.7588,0.13344
1.3507,4.428,0.035075
1.2748,0.85478,-0.12262
-2.377,2.7768,0.074853
2.2433,3.7891,-0.015051
1.5324,2.1778,-0.07967
1.3412,0.92035,-0.12188
-2.0031,4.1116,0.12512
0.54635,4.9588,0.085101
-1.7717,3.1317,0.064198
1.4249,4.0681,0.013308
-0.86197,4.2332,0.085852
-0.60606,4.5105,0.092751
-1.5341,2.4559,0.02333
1.4351,0.96293,-0.12235
-2.3058,2.2262,0.047518
1.9313,2.9065,-0.054507
-0.57776,1.4862,-0.051006
-1.6402,3.6994,0.08719
2.1019,2.5745,-0.072079
-2.4543,3.2339,0.10015
-0.58308,5.035,0.12363
-1.4796,4.6227,0.13211
0.80172,5.3055,0.10061
2.2995,2.6524,-0.071293
-0.89771,1.2847,-0.046852
-0.41511,0.60718,-0.085253
1.3583,2.2426,-0.073667
1.681,2.3716,-0.07422
-0.86983,4.2144,0.085073
0.016979,4.6699,0.082246
0.67225,4.9728,0.082787
-2.4712,3.1001,0.094474
-1.9527,3.2975,0.080176
-1.3483,2.1953,0.0048122
-1.2234,0.82426,-0.049733
2.0148,3.2201,-0.040827
-2.0339,3.5989,0.099029
0.60374,1.5281,-0.084526
1.7968,4.0935,0.0080644
-2.4303,2.5652,0.067906
-1.3,3.8729,0.082571
1.184,1.7551,-0.089522
1.7453,2.6524,-0.063078
0.81425,1.3225,-0.096998
-1.1651,0.81268,-0.052341
1.3873,4.0021,0.010416
-1.6964,1.4901,-0.0081847
-2.0082,1.6638,0.011736
0.15766,4.4963,0.067914
-1.6535,4.8609,0.15363
-0.76586,4.4114,0.092572
-0.0034509,1.1946,-0.079514
-0.38143,0.99805,-0.074247
-2.4005,2.7665,0.075496
-0.046748,1.4643,-0.068815
-1.6213,4.7411,0.14502
-0.17617,1.4698,-0.064661
-1.6067,2.3624,0.022327
0.56555,4.6263,0.064499
1.9119,4.1049,0.0068474
1.3724,1.0037,-0.11982
1.5042,3.6241,-0.01193
0.41192,5.3373,0.11252
0.65349,4.8519,0.07583
1.8949,4.6092,0.035987
1.7484,2.1914,-0.08292
1.1143,1.6272,-0.092839
-0.95097,1.2217,-0.047066
-1.7613,3.4502,0.079487
-0.79179,0.78895,-0.06688
0.054278,0.59955,-0.10007
-1.4995,3.0072,0.046857
1.5037,3.2148,-0.032514
-1.3312,3.694,0.074309
1.6604,4.5696,0.037553
1.474,3.3875,-0.023422
-1.7925,4.7199,0.15102
1.5411,3.5331,-0.0173
1.5398,3.1658,-0.035566
-1.3204,5.107,0.15529
-2.1169,3.5387,0.099673
1.2961,5.1336,0.07878
-0.13182,1.0233,-0.081323
-1.1772,4.5806,0.11764
0.53391,1.4071,-0.087082
-0.2398,1.4304,-0.064081
-1.0168,4.1586,0.087352
1.8141,4.6372,0.038945
-2.2581,3.6807,0.11352
-1.6328,4.8759,0.15368
-1.1957,4.6366,0.12167
-1.1376,1.7067,-0.02268
0.2039,0.51451,-0.10685
-1.4345,3.6564,0.07648
-1.4273,3.4713,0.066673
-0.84741,4.2315,0.085229
-1.2589,3.8613,0.080332
-1.0729,1.947,-0.015866
-2.0447,2.9127,0.065797
1.5812,3.1568,-0.036757
0.10498,4.493,0.069237
0.72522,1.6063,-0.084681
-1.7758,3.2046,0.067909
-0.89712,5.3211,0.15283
-0.65243,4.5137,0.094537
-0.55201,5.09,0.12601
2.122,4.2775,0.013393
1.41,3.5493,-0.013998
0.92402,4.1944,0.030895
-0.13651,4.6332,0.084704
-1.0211,4.4571,0.1045
-0.69106,5.3921,0.15008
-2.4414,3.0833,0.09224
-1.2176,1.5709,-0.024648
1.4612,3.3381,-0.025643
-1.8035,3.1418,0.066051
1.2307,3.937,0.010022
-0.92897,4.39,0.097215
0.73732,0.94538,-0.10775
2.215,1.964,-0.099158
-1.8185,3.2576,0.072342
-1.9216,4.5846,0.14858
1.0785,1.6748,-0.090293
-1.2887,3.9544,0.086525
1.0629,1.9182,-0.080626
1.5544,3.6993,-0.0089438
1.528,2.9955,-0.043487
0.56571,4.549,0.059936
1.1803,5.184,0.084355
-1.6037,2.2189,0.016175
1.6913,3.4438,-0.024514
0.23066,5.4295,0.12348
-2.2692,2.5731,0.060659
-0.60787,4.6337,0.10007
-0.46512,4.6582,0.096705
1.7658,1.3529,-0.11518
1.4327,4.9956,0.067465
1.8465,2.9814,-0.049662
-1.3499,4.7071,0.13192
1.9144,3.5199,-0.024325
1.912,3.9415,-0.0021052
-1.6684,4.4884,0.13204
1.2949,2.2491,-0.072133
-0.43606,1.3994,-0.058849
-0.56127,5.3768,0.14461
-2.3182,2.071,0.041746
2.0803,3.4064,-0.032557
1.8777,4.5539,0.033001
2.2015,1.8299,-0.10421
1.9798,2.9831,-0.051666
0.010192,4.926,0.097954
1.6924,1.1656,-0.12037
0.88317,5.0926,0.085174
1.5839,3.8203,-0.0030866
1.4381,3.625,-0.010639
1.9723,2.3591,-0.079491
-1.3418,2.3296,0.010164
-1.8198,3.7339,0.096645
-2.3367,2.7702,0.072649
2.3565,3.7476,-0.018694
1.6881,3.5824,-0.017391
-0.14682,4.4885,0.076515
-1.9818,2.0436,0.025285
-1.8038,3.5225,0.084985
1.6199,4.6768,0.044614
2.1501,4.0567,0.00066991
0.060398,1.4695,-0.07181
2.0631,2.4246,-0.078039
1.471,4.7131,0.04952
0.96518,1.8503,-0.081098
-1.8948,2.244,0.029646
-1.7776,4.4534,0.13465
-1.3094,4.3257,0.10801
-2.1523,1.7539,0.021636
-0.4048,1.1257,-0.069285
-1.1711,4.9516,0.13979
-1.3938,3.7666,0.080629
-1.7961,4.5768,0.14266
-0.36915,1.5467,-0.055749
-1.2676,3.8544,0.080301
-1.9885,1.576,0.00761
1.6762,1.1556,-0.12042
1.4336,1.9399,-0.087385
0.45863,5.448,0.11847
1.5941,2.096,-0.084133
0.75982,0.62786,-0.11809
2.0924,1.8011,-0.1038
0.85811,4.3571,0.04164
1.162,0.814,-0.12155
2.148,2.1592,-0.090383
1.2631,0.95232,-0.11929
1.0781,1.896,-0.081828
1.2478,1.3434,-0.10587
-0.34534,1.5357,-0.056921
1.7047,3.5474,-0.019479
2.0471,3.0436,-0.049809
-1.6863,3.0802,0.058094
2.4921,3.1266,-0.051621
1.4668,4.0394,0.010933
-2.4525,3.074,0.092326
1.8879,2.709,-0.06287
1.3661,4.2772,0.026139
0.64498,5.3739,0.10886
2.3997,3.0677,-0.053363
0.96075,4.6482,0.05626
-1.5217,4.9703,0.15488
-0.7174,5.0681,0.13034
-0.237,1.1271,-0.074629
2.4201,2.414,-0.083209
-0.4866,0.74133,-0.078861
1.0977,1.8109,-0.085548
0.87422,5.3354,0.10083
-2.1859,2.8992,0.071576
-1.3558,0.91316,-0.041737
0.21291,4.55,0.069485
-0.4326,4.8117,0.10485
2.2642,2.6597,-0.070511
2.3972,2.3019,-0.087695
-1.6943,3.1394,0.061274
0.40007,0.58474,-0.11021
1.6499,4.1826,0.015525
-0.032171,0.71933,-0.093918
-1.7048,4.5106,0.13487
-1.4631,3.3254,0.060796
-0.93685,4.568,0.10787
0.048622,1.0848,-0.084728
1.3125,1.0652,-0.11662
-0.97724,4.7093,0.11774
1.8549,2.6602,-0.064534
2.3955,2.5589,-0.076626
-1.9054,1.3996,-0.0024217
0.034394,5.1314,0.11002
0.012225,0.71172,-0.095472
-1.7654,2.798,0.04825
2.1813,3.0771,-0.050107
-0.5958,0.66597,-0.077456
1.4233,3.4991,-0.016819
-1.1437,4.0763,0.087576
1.2355,4.8822,0.064409
-1.8504,1.7407,0.0076863
0.16261,5.3631,0.12109
0.47875,5.4081,0.11535
-1.6469,1.8002,0.0012708
-1.3093,2.1243,0.00035691
-2.3354,3.2451,0.095056
-2.2295,4.0812,0.13372
1.8066,2.1343,-0.08623
-0.21617,1.3903,-0.066242
1.5165,3.1022,-0.038203
2.0064,2.7111,-0.064597
0.6933,1.2198,-0.097611
2.3023,2.9723,-0.056675
-1.8027,3.6083,0.089351
0.87709,4.2323,0.03411
-0.25305,4.4809,0.079391
-1.2722,4.8182,0.13555
2.4272,3.1685,-0.048846
1.4709,1.1926,-0.11545
2.2095,4.0708,0.00063079
-1.4539,3.7119,0.080168
-0.15067,5.2823,0.1252
-0.21631,1.1904,-0.073151
-1.4787,1.3534,-0.022078
0.84932,4.7559,0.065273
-0.66678,1.0334,-0.063503
2.0527,2.3653,-0.080422
-1.7541,2.4713,0.033216
-2.1361,3.904,0.11976
-1.1576,4.6209,0.11927
0.71942,0.94373,-0.10737
1.3358,4.2746,0.02659
1.7483,2.3189,-0.077602
-1.1035,1.9516,-0.014526
-2.4798,2.717,0.077046
1.6985,3.6324,-0.014986
-1.6154,4.7587,0.14583
0.027579,5.4501,0.13068
0.90376,0.68133,-0.11989
-2.2102,2.4564,0.05283
1.04,5.1326,0.084132
1.8986,3.2725,-0.036479
1.1945,1.9747,-0.081218
1.4133,3.7608,-0.0030534
-0.80407,1.3539,-0.047818
1.0593,1.0395,-0.11215
-1.8682,4.5029,0.14145
-1.6418,2.1958,0.01681
-0.39056,0.53828,-0.088074
0.25827,0.87774,-0.097413
1.003,0.72932,-0.12069
0.21635,4.9541,0.093711
0.45649,4.9956,0.089723
1.943,2.1715,-0.086876
2.0951,4.316,0.015959
1.5266,1.086,-0.12006
0.37509,4.48,0.060919
1.3522,3.6834,-0.0059275
1.5942,4.9163,0.059569
2.1049,2.4186,-0.078899
1.6041,3.9656,0.0043686
1.0921,4.1287,0.023475
-1.0765,0.92381,-0.052216
1.5058,4.943,0.062833
-1.4691,2.594,0.026714
-1.0727,0.87055,-0.054045
-0.88097,4.243,0.087089
0.44146,1.5052,-0.081153
1.6572,2.7312,-0.058024
2.1516,4.1336,0.0048994
-1.0468,0.94762,-0.052569
2.3705,2.3272,-0.086305
1.1241,1.0361,-0.11366
2.1407,1.8374,-0.10309
1.9273,2.2199,-0.084639
1.8169,1.3296,-0.11684
0.73597,1.6829,-0.082091
0.041852,1.0922,-0.084284
1.9015,4.0299,0.0028758
0.99934,0.78002,-0.11906
-0.40735,1.4598,-0.057643
-1.702,3.3327,0.071069
-2.3154,3.0163,0.083085
-1.9395,2.2242,0.030787
1.1082,0.96704,-0.11556
1.9158,3.4327,-0.028771
1.4438,1.3625,-0.10908
-1.0808,4.0308,0.082684
1.141,0.86719,-0.11944
-1.3797,5.0718,0.15544
1.4926,2.0942,-0.082342
1.1619,2.0274,-0.078436
1.3681,1.0175,-0.11928
-1.5591,2.602,0.030756
-1.8419,3.1299,0.067141
-1.8705,3.5488,0.089224
-1.4321,1.5222,-0.017941
1.401,1.8651,-0.089681
0.77825,5.3503,0.10406
-1.5843,4.0137,0.1017
1.3728,1.9649,-0.085219
1.7927,2.1849,-0.083927
0.080593,0.72841,-0.096976
1.8582,3.0673,-0.045781
2.4243,3.5311,-0.03076
0.25024,1.513,-0.075673
1.5797,3.0475,-0.041971
2.1042,2.3141,-0.08333
1.2073,1.4154,-0.10249
-1.6555,2.7936,0.043388
0.99617,4.1231,0.025281
1.6593,3.016,-0.044881
-1.4929,3.3209,0.061791
-0.1174,4.5052,0.076585
-0.20518,1.4665,-0.063876
-0.43118,5.3665,0.13959
-0.085772,0.89152,-0.086963
-2.1743,4.1028,0.13238
1.6393,3.3076,-0.030417
-1.7588,4.5661,0.14043
-1.0936,1.6391,-0.02688
1.4536,4.6394,0.045456
-1.4998,4.9215,0.15097
1.249,3.8609,0.005548
-1.185,0.8849,-0.049315
-1.3591,3.6229,0.071714
0.54925,5.415,0.11396
-1.6453,1.3828,-0.014163
0.80073,5.0401,0.083837
-1.2937,1.8857,-0.0097698
-1.4891,2.7359,0.033877
1.5103,1.2004,-0.11592
-0.65968,0.80889,-0.070901
-0.2023,4.6115,0.085456
2.3824,3.6903,-0.022019
0.93259,1.6473,-0.088059
1.9055,2.7681,-0.06047
0.75436,5.2304,0.096946
1.5362,1.8583,-0.092503
0.89463,5.2249,0.093271
0.97958,4.2663,0.03368
-1.3704,2.2815,0.0092792
0.003743,4.5676,0.076582
2.183,2.5742,-0.073222
1.2574,1.5908,-0.097188
-1.1008,4.539,0.11228
1.3827,4.5721,0.042846
-1.8658,4.6121,0.14776
2.0511,4.1428,0.0068466
0.64298,4.4238,0.050693
-0.25873,1.1916,-0.071775
2.4113,2.9241,-0.060276
-1.7638,2.5042,0.035062
0.19031,5.0862,0.10266
0.45991,4.685,0.070736
-0.16767,1.3833,-0.068001
0.79576,4.6866,0.062388
-0.57389,1.6112,-0.046576
-1.2699,1.5021,-0.025115
1.4552,1.4209,-0.10723
-1.3013,4.3929,0.11154
0.97499,1.811,-0.082834
-0.49816,1.3606,-0.058156
-1.2786,4.7043,0.12893
-0.20584,0.69584,-0.089311
-0.23285,0.53498,-0.093224
-0.83519,0.80617,-0.064796
1.288,3.8549,0.0044311
-0.40747,0.53546,-0.087603
1.1518,1.8159,-0.086516
-0.90196,1.4818,-0.039746
1.073,4.0649,0.020365
-1.0208,1.8779,-0.020526
1.0624,4.0709,0.020925
-1.2575,0.90535,-0.045859
2.0148,1.9485,-0.096939
1.491,2.4051,-0.06936
-1.9401,3.9852,0.11537
-0.79995,4.3818,0.092081
2.446,3.1624,-0.049361
-0.070322,5.0378,0.10728
1.0763,4.5853,0.049965
-0.21234,1.1776,-0.073709
1.1179,4.0272,0.017319
1.6383,2.0005,-0.088757
0.078371,1.3517,-0.076514
1.8696,3.6327,-0.01781
-1.1074,0.79522,-0.055085
1.9748,1.9129,-0.097737
-2.0206,1.8563,0.019619
0.31325,4.8968,0.087491
-1.6534,3.9858,0.10306
0.85318,1.7352,-0.082922
-2.0233,2.6593,0.053265
1.5192,4.6183,0.04297
0.83205,1.6366,-0.086124
1.5372,1.6277,-0.10126
-0.90136,0.68202,-0.066195
-2.0265,2.2672,0.03644
-1.7958,3.9659,0.10803
1.0082,1.4202,-0.098027
-2.3623,2.2999,0.053253
-1.4,4.1659,0.10259
0.15586,5.2962,0.11697
2.2209,3.8258,-0.012805
1.8282,4.6878,0.041722
-2.2763,2.3825,0.05272
1.5278,2.8075,-0.052224
0.74555,0.63681,-0.11748
-0.73772,1.4504,-0.046755
-2.2979,3.4883,0.10545
1.2377,3.9364,0.0098473
2.4848,3.2589,-0.045104
-1.8293,3.6052,0.090337
-0.032217,4.4979,0.073576
1.0605,4.0788,0.021404
0.91885,0.95984,-0.11158
2.1508,1.7522,-0.10649
1.5724,2.3029,-0.0752
-0.94603,5.2748,0.15164
1.4678,2.3881,-0.069651
0.87126,0.75522,-0.1169
-1.0219,1.7397,-0.025796
-1.0728,5.2429,0.15433
-1.653,2.6401,0.036353
-0.60765,4.4983,0.092093
1.6303,3.8941,3.3658e-05
2.1553,3.2055,-0.043557
1.8993,2.3395,-0.079192
0.97173,4.7877,0.06437
-0.91979,1.3518,-0.043712
-1.5299,4.0244,0.10004
-1.9561,2.5971,0.04751
0.1653,5.3051,0.11727
-0.76593,1.6994,-0.036624
-0.043226,5.4916,0.13551
0.70566,1.6207,-0.08367
1.6546,1.7945,-0.097089
-1.7264,4.3417,0.12603
1.2884,1.207,-0.11139
1.4159,4.285,0.02561
1.7524,1.3779,-0.11408
-0.71274,1.6809,-0.039193
0.29407,1.4286,-0.079917
1.7424,1.5968,-0.10602
1.319,1.931,-0.085491
-0.30052,5.2813,0.12986
-0.10974,4.5507,0.079011
1.344,1.9789,-0.084096
0.67523,1.6641,-0.081305
1.6734,1.1551,-0.12039
-0.9462,5.2556,0.15042
0.79916,1.2867,-0.097882
-2.0329,4.2183,0.13241
-0.063354,0.88376,-0.087888
1.579,3.0166,-0.043425
0.55626,4.9021,0.081364
-2.4078,2.5364,0.065567
0.32797,4.7282,0.076867
-1.0873,5.1794,0.15084
-2.3364,2.6724,0.068215
0.42309,0.64082,-0.10916
-0.70544,5.2072,0.13869
1.8235,2.1278,-0.086769
0.91599,4.6946,0.060048
-1.1658,2.0242,-0.0092698
2.2389,3.3713,-0.03651
-1.4199,1.049,-0.034784
-0.13479,5.2747,0.12423
1.2334,1.7032,-0.092513
-1.8314,4.6378,0.14779
-0.15936,0.94938,-0.082865
1.8655,2.6797,-0.063829
1.7294,1.3451,-0.11484
-0.053452,0.79177,-0.09106
0.28942,5.4743,0.12477
0.30983,1.034,-0.093822
1.6649,2.1194,-0.084438
0.32206,5.4372,0.12144
1.563,4.024,0.0082984
0.45047,1.0594,-0.096779
-1.9635,2.9394,0.063421
-1.9699,1.7446,0.013076
0.33083,4.5617,0.066896
-0.74022,0.67434,-0.072196
-1.6372,3.1645,0.060084
2.3743,2.6486,-0.072398
1.8971,2.5247,-0.071193
1.2317,4.9597,0.069252
-1.7781,4.7413,0.15168
1.4451,2.4727,-0.065582
1.1023,1.8234,-0.08517
1.1608,1.5168,-0.097877
1.43,2.535,-0.062582
0.82301,0.81436,-0.11394
-1.5228,1.6293,-0.010322
-0.6163,1.0019,-0.06627
1.3859,2.36,-0.069272
-0.44057,0.79259,-0.078813
-0.77586,1.178,-0.054875
2.0777,3.6706,-0.018997
0.87587,1.0655,-0.10715
0.78117,0.89954,-0.11027
-1.6088,2.2549,0.017882
1.3736,2.1652,-0.077168
1.0551,1.8596,-0.082738
-0.90109,1.7304,-0.030602
-0.53081,0.89845,-0.072493
-2.1813,4.0628,0.13049
-1.616,2.5144,0.029262
2.088,1.6381,-0.10989
-1.8562,4.0729,0.11651
-1.4472,4.9513,0.15066
0.059569,4.4967,0.070778
-0.61419,5.1211,0.13008
0.98772,4.9183,0.07197
-1.8209,2.4212,0.033926
-0.44091,4.7405,0.10083
1.2568,2.0419,-0.079826
1.4312,2.014,-0.084401
2.4708,3.3016,-0.04284
-1.0816,1.9602,-0.015017
-1.4659,5.0126,0.15522
-1.858,1.3377,-0.0066643
-0.12382,4.5106,0.077093
-1.9871,2.4213,0.04122
1.6005,2.3286,-0.074624
1.0316,5.2619,0.092528
-2.1229,1.6916,0.017942
-0.5902,5.2435,0.13702
2.4688,3.2051,-0.047551
1.5411,3.0561,-0.040856
-0.065039,1.4805,-0.06768
-0.18719,1.2443,-0.072227
1.5239,2.5385,-0.064199
1.661,1.8691,-0.094324
2.4961,3.0555,-0.055069
-0.70138,1.6271,-0.041595
1.6252,2.8774,-0.050769
-1.2662,1.8183,-0.013459
2.0006,1.5838,-0.11062
-1.8573,4.2068,0.12402
1.7749,2.4809,-0.071121
-2.0449,3.1737,0.078215
-1.6329,1.8143,0.0012246
-0.16646,5.0596,0.11159
-2.3145,3.4343,0.10349
-1.4101,1.9792,-0.0014641
1.3562,3.8712,0.0039427
0.44237,4.4326,0.05637
-1.7309,2.3047,0.025114
-1.306,2.0858,-0.0013382
1.5736,3.9391,0.0034817
-0.47042,4.5125,0.088291
0.26762,4.509,0.065553
-0.96064,4.8767,0.12726
-1.8355,4.3067,0.12872
1.3366,1.2058,-0.1124
-1.1667,5.0984,0.14875
0.2451,4.5809,0.070399
-0.6502,0.64761,-0.076136
1.6317,4.3268,0.02399
0.92684,5.2719,0.095533
-0.0032817,1.4095,-0.072069
2.2503,3.5473,-0.027754
-1.203,5.0245,0.14553
-1.7531,2.7416,0.045154
-0.44308,4.5085,0.087148
0.50587,1.1601,-0.094883
0.28943,0.77654,-0.10143
0.6501,4.6703,0.064977
-0.28124,4.8824,0.10425
1.5709,4.0752,0.010969
1.7776,3.9823,0.0022812
4.8567,1.3526,-0.13159
3.3155,1.2401,-0.13612
2.0427,4.4312,0.023329
4.0357,4.0851,-0.010824
1.9787,5.0455,0.061192
1.6354,1.9979,-0.088809
0.97324,2.5634,-0.051799
4.7058,3.4627,-0.042078
4.3958,0.9766,-0.14627
4.1359,5.1673,0.053324
0.75839,2.4429,-0.052022
2.8372,0.73315,-0.14914
1.0395,3.3312,-0.017327
1.1062,2.2201,-0.069396
4.3381,3.761,-0.027986
4.3635,3.9339,-0.018681
4.53,1.0395,-0.1438
1.0318,3.462,-0.010602
1.2649,1.2515,-0.1094
3.9861,1.693,-0.12176
0.88354,3.1802,-0.021209
1.6789,2.2032,-0.081243
1.2127,4.7436,0.056478
1.5506,3.3921,-0.024614
2.6278,0.80415,-0.14495
3.4039,5.404,0.069917
3.659,5.203,0.056059
2.9852,4.6959,0.028329
2.2947,1.3955,-0.12149
2.8437,0.58034,-0.15376
3.3234,4.8007,0.032442
4.5707,1.8276,-0.11557
2.0571,1.6956,-0.1073
1.6523,4.6469,0.042265
1.8353,4.8128,0.049132
3.6788,5.0527,0.046543
4.4425,4.2744,0.00039286
1.9688,1.0265,-0.12946
5.4386,3.453,-0.036939
5.3076,3.4193,-0.039937
4.4179,0.95031,-0.14705
1.9758,1.6857,-0.10646
4.5541,3.5603,-0.037778
3.8496,4.3033,0.0015242
4.7763,1.2985,-0.13394
4.835,3.226,-0.053149
0.54241,2.555,-0.041759
1.7905,4.8281,0.050789
4.0827,1.6458,-0.12352
4.6695,3.0494,-0.062546
3.6943,4.3494,0.0044488
1.1742,4.0999,0.020122
2.4877,4.4585,0.019105
4.1067,4.7706,0.028798
1.4558,2.6448,-0.058226
1.0434,4.3715,0.038253
3.739,1.3995,-0.13215
4.3763,4.185,-0.0048301
4.7783,2.4195,-0.090481
1.5017,3.0909,-0.038464
3.5958,4.7913,0.030726
2.3161,4.5399,0.025914
4.3178,5.1202,0.050618
0.82649,3.5651,-0.0006392
4.3243,1.626,-0.12394
2.384,1.5991,-0.11525
2.7002,5.1542,0.058993
1.4421,4.1242,0.016082
4.5332,1.7587,-0.11835
1.4622,3.028,-0.04072
4.8054,1.7404,-0.11776
4.585,2.4458,-0.09028
4.8447,4.6661,0.024965
0.75735,3.6854,0.0072505
3.2519,4.4946,0.014655
1.6083,3.5683,-0.016714
1.7484,1.5502,-0.10783
3.4457,0.88454,-0.14843
2.5018,4.4913,0.02085
4.7672,2.9121,-0.068509
3.0514,1.436,-0.12763
0.79524,4.0546,0.026146
3.942,4.5141,0.013579
2.9695,5.494,0.078501
2.379,5.0069,0.05331
0.93966,1.8724,-0.079659
5.1652,2.9722,-0.062954
2.0964,4.3923,0.02031
4.7922,2.7144,-0.077432
1.1203,2.9492,-0.037519
0.8805,3.1586,-0.022183
5.0094,2.6588,-0.07853
4.7437,3.2533,-0.052325
3.7084,1.6732,-0.12212
2.1638,4.2438,0.010901
0.95597,1.9007,-0.078928
1.5049,3.1302,-0.03664
1.2878,3.4745,-0.015395
2.6323,4.4858,0.019122
3.9523,0.99639,-0.1461
4.2608,4.2963,0.0011993
1.1131,4.1721,0.025442
2.3532,1.2428,-0.12753
1.527,2.1434,-0.080979
4.4716,4.726,0.026811
4.5923,1.179,-0.13892
0.60885,3.0856,-0.019106
2.0927,5.2875,0.074815
0.91605,4.0876,0.025137
2.4969,4.7205,0.034454
1.5465,3.4435,-0.021952
1.5355,3.7845,-0.0041034
3.6951,4.8473,0.033838
5.0909,3.539,-0.035729
5.3786,2.3298,-0.089661
5.1482,4.0902,-0.0059312
3.1347,1.4519,-0.12764
5.2063,3.2793,-0.047822
1.1387,2.6068,-0.053514
5.2934,2.5832,-0.079537
1.0305,2.6336,-0.049974
1.7311,5.039,0.064765
5.0086,1.7776,-0.11503
0.61017,2.3601,-0.051903
2.2347,4.5499,0.027559
1.2143,1.3303,-0.10563
3.2107,1.4501,-0.12818
3.3029,4.4746,0.013204
2.6744,5.0385,0.051992
2.909,5.4939,0.078986
3.0358,1.3762,-0.12963
5.3462,2.6053,-0.07806
4.3881,3.576,-0.037508
2.668,5.425,0.076693
1.2323,3.4834,-0.013807
3.7782,4.6199,0.020008
0.64585,2.8751,-0.029943
2.3834,0.63671,-0.14728
4.7277,2.9427,-0.06729
5.3499,3.7509,-0.02244
1.8039,4.6288,0.038613
4.0527,1.0652,-0.14387
3.8787,1.2833,-0.13644
4.3481,1.6031,-0.12474
2.7491,4.4969,0.018615
1.9138,4.2243,0.013483
4.5164,1.0792,-0.14254
0.75835,3.0329,-0.025314
4.1091,4.0333,-0.013652
3.6938,0.76914,-0.15287
5.2993,3.066,-0.05732
0.95771,2.5092,-0.053819
1.4758,3.2468,-0.030425
4.8821,3.0083,-0.063325
4.3372,0.94351,-0.14747
3.1327,5.4909,0.07712
2.521,1.4918,-0.12076
3.3685,1.284,-0.13488
2.7886,5.398,0.073772
3.9572,4.16,-0.006648
3.1153,0.51324,-0.15782
2.8551,0.83163,-0.14626
4.4064,4.5971,0.018948
3.6616,1.6586,-0.12255
4.6299,3.5573,-0.037617
3.3408,1.3324,-0.13306
2.1085,5.2478,0.07205
4.2097,4.9324,0.038752
1.468,2.4767,-0.065845
2.3156,0.90571,-0.13818
1.6154,1.4166,-0.11034
4.5811,4.6762,0.024238
2.7351,5.4812,0.079705
4.5819,4.5974,0.019566
4.8427,2.1058,-0.10321
4.1395,1.9671,-0.11115
2.6526,1.0441,-0.13756
0.92308,3.1418,-0.023979
4.3567,3.8335,-0.024092
4.7012,3.9174,-0.01832
4.5899,1.7529,-0.11835
0.50688,3.055,-0.017951
2.6654,4.4621,0.017406
1.2331,1.8649,-0.086329
0.85555,3.4146,-0.0089745
5.4801,3.2859,-0.044842
3.9167,4.6931,0.024173
1.4374,4.9266,0.063111
1.2188,3.4073,-0.017372
2.2165,1.6407,-0.11158
4.1792,1.8386,-0.11614
0.56362,2.9129,-0.02611
2.0554,1.6905,-0.10746
1.8944,4.1956,0.012176
2.4309,0.58195,-0.14947
0.55726,3.4608,0.0006803
2.7249,4.8506,0.03992
5.0819,4.3757,0.0096196
1.8115,1.0182,-0.12724
